,O0
2012-01-04,1.0
2012-01-05,1.0
2012-01-06,1.0
2012-01-09,1.0
2012-01-10,1.0
2012-01-11,1.0
2012-01-12,1.0
2012-01-13,1.0
2012-01-16,1.0
2012-01-17,1.0
2012-01-18,1.0
2012-01-19,1.0
2012-01-20,1.0
2012-01-30,1.0
2012-01-31,1.0
2012-02-01,0.9920610761026712
2012-02-02,1.009710391632159
2012-02-03,1.0255207294717281
2012-02-06,1.0340487733166508
2012-02-07,1.0119824871453367
2012-02-08,1.0378370965185537
2012-02-09,1.046859401079499
2012-02-10,1.0571042080929964
2012-02-13,1.0666867366308619
2012-02-14,1.0716731221390627
2012-02-15,1.0876639260280176
2012-02-16,1.0890857946194048
2012-02-17,1.0830410482566701
2012-02-20,1.0854526221307341
2012-02-21,1.096931483184454
2012-02-22,1.1197504020661813
2012-02-23,1.1266757239346756
2012-02-24,1.1480045341958216
2012-02-27,1.1498091690578292
2012-02-28,1.148792908180377
2012-02-29,1.1274346525567263
2012-03-01,1.133786357593125
2012-03-02,1.1601247779378672
2012-03-05,1.1639196632630504
2012-03-06,1.1500957228105415
2012-03-07,1.143244476099772
2012-03-08,1.1636933669062335
2012-03-09,1.180070035465563
2012-03-12,1.1817766337340052
2012-03-13,1.195175247932199
2012-03-14,1.1469156728320493
2012-03-15,1.1340796631861558
2012-03-16,1.1596608965850337
2012-03-19,1.1737118404720157
2012-03-20,1.1521938739477686
2012-03-21,1.1558867447281869
2012-03-22,1.1504952480603425
2012-03-23,1.1254296871237301
2012-03-26,1.1224971832485389
2012-03-27,1.1204141525438966
2012-03-28,1.0735805068371813
2012-03-29,1.05818007047464
2012-03-30,1.0592398730698893
2012-04-05,1.089161288906423
2012-04-06,1.0942713708135958
2012-04-09,1.0836665960887761
2012-04-10,1.0956121931920833
2012-04-11,1.1000797450361066
2012-04-12,1.1255957145178301
2012-04-13,1.1372402954697716
2012-04-16,1.1426993866116824
2012-04-17,1.1212750919054646
2012-04-18,1.147437246135086
2012-04-19,1.1480736122718116
2012-04-20,1.1586335564925774
2012-04-23,1.1497342111012394
2012-04-24,1.150472466831192
2012-04-25,1.169142527147606
2012-04-26,1.1604206433081945
2012-04-27,1.1466042402641898
2012-05-02,1.1639025762495505
2012-05-03,1.1637637697896797
2012-05-04,1.170522366809521
2012-05-07,1.1755391403539412
2012-05-08,1.1737162990703387
2012-05-09,1.151763737036419
2012-05-10,1.154411077321155
2012-05-11,1.1507584862791824
2012-05-14,1.1493527280298315
2012-05-15,1.1487998576137286
2012-05-16,1.136966648787111
2012-05-17,1.1527022834136067
2012-05-18,1.139333739208612
2012-05-21,1.137989246770414
2012-05-22,1.1531467002890954
2012-05-23,1.1463946225827897
2012-05-24,1.1390581968310856
2012-05-25,1.1279597219712945
2012-05-28,1.148741784316003
2012-05-29,1.1650197993717242
2012-05-30,1.1676846352756345
2012-05-31,1.1660806495814626
2012-06-01,1.165618607290934
2012-06-04,1.1298438298375155
2012-06-05,1.128385233630017
2012-06-06,1.1253740753783448
2012-06-07,1.122264185994646
2012-06-08,1.1202825482091712
2012-06-11,1.138706069033471
2012-06-12,1.1307816823821144
2012-06-13,1.1490691593447944
2012-06-14,1.1427632574423006
2012-06-15,1.1424527936818019
2012-06-18,1.1530535365126742
2012-06-19,1.1442748999944952
2012-06-20,1.1406182237241969
2012-06-21,1.1283260020205887
2012-06-25,1.1021159376853946
2012-06-26,1.1042127626368463
2012-06-27,1.102368828810264
2012-06-28,1.0907229876580975
2012-06-29,1.1036556696617443
2012-07-02,1.1124753677990273
2012-07-03,1.1143745269790986
2012-07-04,1.107161115320549
2012-07-05,1.0830280956353266
2012-07-06,1.106488217606391
2012-07-09,1.0757177823351598
2012-07-10,1.0730658033258456
2012-07-11,1.0831291886149836
2012-07-12,1.0980126635026464
2012-07-13,1.0912759059799362
2012-07-16,1.0530423143912966
2012-07-17,1.0627421386331268
2012-07-18,1.0721089823786696
2012-07-19,1.0870171154646897
2012-07-20,1.0806472030285614
2012-07-23,1.0684141843197885
2012-07-24,1.0728154860609311
2012-07-25,1.0624906142398736
2012-07-26,1.0543618471154421
2012-07-27,1.0537598090199982
2012-07-30,1.040302991076244
2012-07-31,1.0241883067548803
2012-08-01,1.0387615437450668
2012-08-02,1.0316949234795847
2012-08-03,1.051037013270152
2012-08-06,1.0730001854971563
2012-08-07,1.080453994973406
2012-08-08,1.07786901063165
2012-08-09,1.0910806216969355
2012-08-10,1.091210830335578
2012-08-13,1.0658176907386911
2012-08-14,1.0744528851605961
2012-08-15,1.0629038610630497
2012-08-16,1.0558983560889894
2012-08-17,1.0600744341393835
2012-08-20,1.061230113365421
2012-08-21,1.075166222263687
2012-08-22,1.0627797215321038
2012-08-23,1.0748386574327506
2012-08-24,1.052837245023217
2012-08-27,1.0300701324784551
2012-08-28,1.0383202367868405
2012-08-29,1.0318026387493224
2012-08-30,1.0186031464254472
2012-08-31,1.0215877343304975
2012-09-03,1.0335047393695764
2012-09-04,1.021454676040069
2012-09-05,1.026947360385519
2012-09-06,1.0381983761620461
2012-09-07,1.0786961361565515
2012-09-10,1.0896200458446905
2012-09-11,1.0836145494855098
2012-09-12,1.093188827151495
2012-09-13,1.0784703370019066
2012-09-14,1.082936107050431
2012-09-17,1.0486485475376872
2012-09-18,1.0452012085683697
2012-09-19,1.0544337762722025
2012-09-20,1.0250219148144537
2012-09-21,1.0192492222606402
2012-09-24,1.025452405914964
2012-09-25,1.0180696438664583
2012-09-26,0.9946224011520792
2012-09-27,1.0164782374004384
2012-09-28,1.0343500166311645
2012-10-08,1.0247388212492134
2012-10-09,1.052981153924245
2012-10-10,1.0634955345818549
2012-10-11,1.048237961052638
2012-10-12,1.0480579745973968
2012-10-15,1.0415689787660172
2012-10-16,1.0463162413577418
2012-10-17,1.0495717579601394
2012-10-18,1.071208321936296
2012-10-19,1.069267633468336
2012-10-22,1.0745710455615451
2012-10-23,1.0669426038241416
2012-10-24,1.067329150762953
2012-10-25,1.0569534769608269
2012-10-26,1.040196327603301
2012-10-29,1.0429672976507598
2012-10-30,1.0455524877591345
2012-10-31,1.0504899878506846
2012-11-01,1.0707282187047138
2012-11-02,1.0789625415937012
2012-11-05,1.0770397282906776
2012-11-06,1.0710149828625197
2012-11-07,1.070471547198588
2012-11-08,1.0459140288213336
2012-11-09,1.0423607681628928
2012-11-12,1.0519530441665135
2012-11-13,1.0292014487651862
2012-11-14,1.0322407033324221
2012-11-15,1.0133252899524163
2012-11-16,1.0084176491101542
2012-11-19,1.0111284801638238
2012-11-20,1.0069746338706662
2012-11-21,1.0207657641441519
2012-11-22,1.0091879343782517
2012-11-23,1.0156346639371459
2012-11-26,1.0069769350869695
2012-11-27,0.9712262801091851
2012-11-28,0.9543251885836128
2012-11-29,0.9460407060003518
2012-11-30,0.9618168614071061
2012-12-03,0.9440255723461507
2012-12-04,0.9569927021759904
2012-12-05,0.9915438644792656
2012-12-06,0.9910632767915376
2012-12-07,1.0121397759142536
2012-12-10,1.026259288749266
2012-12-11,1.016711461685908
2012-12-12,1.0161348215432424
2012-12-13,1.0036451236823218
2012-12-14,1.0446323106547888
2012-12-17,1.0543144653618939
2012-12-18,1.0502597691967617
2012-12-19,1.0542057192118677
2012-12-20,1.057145417517554
2012-12-21,1.0544567940490397
2012-12-24,1.0559936659216371
2012-12-25,1.0840158190932263
2012-12-26,1.0971119592399141
2012-12-27,1.093845226639652
2012-12-28,1.1067374303417057
2012-12-31,1.117777264466834
2013-01-04,1.1119808738915045
2013-01-07,1.1185833704084598
2013-01-08,1.1282235063413895
2013-01-09,1.132078482134682
2013-01-10,1.138812388815414
2013-01-11,1.1078823226550758
2013-01-14,1.1418953305096118
2013-01-15,1.162317392563756
2013-01-16,1.1582153349498383
2013-01-17,1.1465572149057865
2013-01-18,1.1660330497294011
2013-01-21,1.1796806172099707
2013-01-22,1.164308775899786
2013-01-23,1.1662121736346631
2013-01-24,1.13940689455154
2013-01-25,1.1395220474864898
2013-01-28,1.1679679608006532
2013-01-29,1.1791664895618903
2013-01-30,1.1881921035856646
2013-01-31,1.1806418407929513
2013-02-01,1.1886318867483359
2013-02-04,1.1871590280058608
2013-02-05,1.2026502435997195
2013-02-06,1.206824015205656
2013-02-07,1.2101090709778743
2013-02-08,1.2246813726268262
2013-02-18,1.2297927902275336
2013-02-19,1.2058728459901193
2013-02-20,1.2249277462621486
2013-02-21,1.1966189710219584
2013-02-22,1.1952336038404268
2013-02-25,1.2079584377787076
2013-02-26,1.187859170201615
2013-02-27,1.1904795916439643
2013-02-28,1.214852300267277
2013-03-01,1.2210386648783211
2013-03-04,1.1729651835382433
2013-03-05,1.1971406232449209
2013-03-06,1.2176329464505893
2013-03-07,1.2084449623574816
2013-03-08,1.1983302122726147
2013-03-11,1.2010048419885062
2013-03-12,1.1714574566339566
2013-03-13,1.1617120971294468
2013-03-14,1.164210769798681
2013-03-15,1.1652797842963623
2013-03-18,1.1542963585768597
2013-03-19,1.1592230344006402
2013-03-20,1.1868199907837447
2013-03-21,1.1963845202294305
2013-03-22,1.1989124956037724
2013-03-25,1.1963498023336663
2013-03-26,1.1879921207214392
2013-03-27,1.1922591670571505
2013-03-28,1.16044832722859
2013-03-29,1.1635322203778848
2013-04-01,1.168989841454938
2013-04-02,1.161325799573728
2013-04-03,1.1530638913083409
2013-04-08,1.1458305488710265
2013-04-09,1.1541238684972104
2013-04-10,1.1503604220156622
2013-04-11,1.14626198734983
2013-04-12,1.138115280270234
2013-04-15,1.1273429550849494
2013-04-16,1.1381058127620542
2013-04-17,1.1415979038782704
2013-04-18,1.1443157798649273
2013-04-19,1.166094973562514
2013-04-22,1.1703222086777016
2013-04-23,1.138508678182222
2013-04-24,1.1572498154110884
2013-04-25,1.1435909804055944
2013-04-26,1.1281236025811048
2013-05-02,1.1330817418713348
2013-05-03,1.1545411836989168
2013-05-06,1.173076475174066
2013-05-07,1.1760954964787533
2013-05-08,1.1837249203608482
2013-05-09,1.1792263152691056
2013-05-10,1.1900792299203524
2013-05-13,1.1919827489844097
2013-05-14,1.1802698903345406
2013-05-15,1.192849462650163
2013-05-16,1.2057951280088572
2013-05-17,1.225468879331419
2013-05-20,1.238420187155028
2013-05-21,1.2538841348847418
2013-05-22,1.2450949826916518
2013-05-23,1.2391375973045398
2013-05-24,1.2565026373176371
2013-05-27,1.2632825275339872
2013-05-28,1.267168483906191
2013-05-29,1.2726798919221398
2013-05-30,1.274897496413734
2013-05-31,1.2678618178016154
2013-06-03,1.2650218939857747
2013-06-04,1.2435277082221017
2013-06-05,1.2482960093393547
2013-06-06,1.2288692797866831
2013-06-07,1.208749494962538
2013-06-13,1.1787114310853117
2013-06-14,1.1912908486281204
2013-06-17,1.190469783554787
2013-06-18,1.1944523549256973
2013-06-19,1.187326564228189
2013-06-20,1.1566755862153908
2013-06-21,1.153147647103292
2013-06-24,1.0864690639671526
2013-06-25,1.0784467220020746
2013-06-26,1.0886000078891833
2013-06-27,1.0761326672058784
2013-06-28,1.0823990740932188
2013-07-01,1.0954720136991813
2013-07-02,1.104982626650721
2013-07-03,1.0976638153136808
2013-07-04,1.1081601373617531
2013-07-05,1.111730308249532
2013-07-08,1.0755619427130214
2013-07-09,1.0819110823022893
2013-07-10,1.1138559288662933
2013-07-11,1.1434848538212872
2013-07-12,1.1275445233219705
2013-07-15,1.1437029711657871
2013-07-16,1.1562614610402802
2013-07-17,1.143394158341505
2013-07-18,1.1404403816279503
2013-07-19,1.1157664788096229
2013-07-22,1.1259830777345814
2013-07-23,1.1556722950621996
2013-07-24,1.158570834232419
2013-07-25,1.1426445735430213
2013-07-26,1.1421184887807754
2013-07-29,1.120733527151537
2013-07-30,1.1218877397830536
2013-07-31,1.1250547356077114
2013-08-01,1.1478581697161958
2013-08-02,1.1512528493874408
2013-08-05,1.16655298939358
2013-08-06,1.17992058867893
2013-08-07,1.1714174616631512
2013-08-08,1.172083529105084
2013-08-09,1.1796159339276608
2013-08-12,1.205858330979076
2013-08-13,1.21139090393558
2013-08-14,1.2103177077653802
2013-08-15,1.1957091957198531
2013-08-16,1.17671090044846
2013-08-19,1.193684350729288
2013-08-20,1.1877133512722111
2013-08-21,1.1932464102053484
2013-08-22,1.1995902245273895
2013-08-23,1.1951596906638375
2013-08-26,1.2246990874046983
2013-08-27,1.2376913203814275
2013-08-28,1.2402191047861333
2013-08-29,1.2442138818106439
2013-08-30,1.247287211238519
2013-09-02,1.25299475318082
2013-09-03,1.269933824688094
2013-09-04,1.2722028348425345
2013-09-05,1.269398373800168
2013-09-06,1.2765763879330108
2013-09-09,1.2884021638018286
2013-09-10,1.3058045376362715
2013-09-11,1.3016652878314745
2013-09-12,1.3046368051978317
2013-09-13,1.3008053359828855
2013-09-16,1.3021434129439904
2013-09-17,1.2783313660908502
2013-09-18,1.290810866783743
2013-09-23,1.3146801843260763
2013-09-24,1.3165867293467997
2013-09-25,1.3081519038501324
2013-09-26,1.2789315465923057
2013-09-27,1.2810401190444263
2013-09-30,1.2958061885772656
2013-10-08,1.3101630478753332
2013-10-09,1.321294140022417
2013-10-10,1.313933747223487
2013-10-11,1.3374400449686223
2013-10-14,1.3519087299712378
2013-10-15,1.3522062887821529
2013-10-16,1.324295022854159
2013-10-17,1.3284891573125037
2013-10-18,1.3295021837654746
2013-10-21,1.3581873990992048
2013-10-22,1.3492686121323276
2013-10-23,1.3217295070282202
2013-10-24,1.3166730392293449
2013-10-25,1.2951324976679481
2013-10-28,1.2934617498013072
2013-10-29,1.2712376238674998
2013-10-30,1.2903530764672801
2013-10-31,1.280785524964685
2013-11-01,1.274590740252635
2013-11-04,1.2784615621522837
2013-11-05,1.2891127014664894
2013-11-06,1.2745104368758349
2013-11-07,1.258065379205021
2013-11-08,1.2434337611451183
2013-11-11,1.2504552243413463
2013-11-12,1.2601972808715243
2013-11-13,1.2359569453716828
2013-11-14,1.24790110907215
2013-11-15,1.2705972290854426
2013-11-18,1.2964002075434158
2013-11-19,1.2993561825911357
2013-11-20,1.3100444843041863
2013-11-21,1.3147586737030892
2013-11-22,1.3138288903756157
2013-11-25,1.3119436298167804
2013-11-26,1.316403744028444
2013-11-27,1.3288717791685993
2013-11-28,1.3407785471291158
2013-11-29,1.348991329545095
2013-12-02,1.2975699511579346
2013-12-03,1.3262583347536099
2013-12-04,1.3490609089010617
2013-12-05,1.356011963469671
2013-12-06,1.3530154792820441
2013-12-09,1.361646710023527
2013-12-10,1.3682736468449537
2013-12-11,1.3533828569196413
2013-12-12,1.3559701706112544
2013-12-13,1.3635084877218362
2013-12-16,1.3462631216173804
2013-12-17,1.3309573188473345
2013-12-18,1.3301498320333853
2013-12-19,1.3179798651898764
2013-12-20,1.301247728582638
2013-12-23,1.299078318161872
2013-12-24,1.3092998816375563
2013-12-25,1.3239867719763179
2013-12-26,1.3007760722193789
2013-12-27,1.321212260626828
2013-12-30,1.3273034071383665
2013-12-31,1.335866327002303
2014-01-02,1.3407158988986767
2014-01-03,1.3274511287516089
2014-01-06,1.2960221227932243
2014-01-07,1.2982755813673084
2014-01-08,1.296594203522737
2014-01-09,1.281563514801717
2014-01-10,1.262269967263093
2014-01-13,1.2582239051272066
2014-01-14,1.2831321631187689
2014-01-15,1.2869788551012264
2014-01-16,1.2895681160498538
2014-01-17,1.2723020928162123
2014-01-20,1.2601286456525778
2014-01-21,1.2826887805480962
2014-01-22,1.314626957307856
2014-01-23,1.3218137129312075
2014-01-24,1.3364828885462243
2014-01-27,1.3313967894839331
2014-01-28,1.327966867679671
2014-01-29,1.3350945327967574
2014-01-30,1.329536755557952
2014-02-07,1.3454993827642485
2014-02-10,1.378989593505703
2014-02-11,1.3802459355277596
2014-02-12,1.3950427596688328
2014-02-13,1.3792517833035625
2014-02-14,1.4066309551865526
2014-02-17,1.4277339815806098
2014-02-18,1.4280107863466602
2014-02-19,1.4312133248089862
2014-02-20,1.4131503883251817
2014-02-21,1.3943690118080618
2014-02-24,1.3772653215119448
2014-02-25,1.3365944583563583
2014-02-26,1.3466952568706871
2014-02-27,1.3360450161123862
2014-02-28,1.3500746674402495
2014-03-03,1.3781759936910105
2014-03-04,1.3768723946719885
2014-03-05,1.3694184513493668
2014-03-06,1.3752418853520205
2014-03-07,1.3660320728629016
2014-03-10,1.3184220822606125
2014-03-11,1.3250340326959489
2014-03-12,1.3289256286872166
2014-03-13,1.3429079314553471
2014-03-14,1.3404086524326124
2014-03-17,1.3612377939363294
2014-03-18,1.3651313457591452
2014-03-19,1.3715443279149504
2014-03-20,1.3437847103858582
2014-03-21,1.3774996694449266
2014-03-24,1.3967575358298598
2014-03-25,1.4034087783694158
2014-03-26,1.4013814584314175
2014-03-27,1.39206215109973
2014-03-28,1.3710762092614557
2014-03-31,1.361233230353549
2014-04-01,1.3756090390499778
2014-04-02,1.384077853067445
2014-04-03,1.3801583984376922
2014-04-04,1.39431025631182
2014-04-08,1.4077997850349016
2014-04-09,1.4144537349045327
2014-04-10,1.4173578707737347
2014-04-11,1.4170237099209648
2014-04-14,1.4270228086238956
2014-04-15,1.4115568543117334
2014-04-16,1.4152748634460912
2014-04-17,1.4124109144915264
2014-04-18,1.416316640420299
2014-04-21,1.393892026174789
2014-04-22,1.3969259759402048
2014-04-23,1.3912772689592023
2014-04-24,1.3803123021111534
2014-04-25,1.3576399212293178
2014-04-28,1.3169245753497878
2014-04-29,1.3336573339206241
2014-04-30,1.3442840993988758
2014-05-05,1.3566510334967925
2014-05-06,1.3613283921432777
2014-05-07,1.3426953686688534
2014-05-08,1.3494160858220998
2014-05-09,1.3419394384711645
2014-05-12,1.3710516082011792
2014-05-13,1.3692053974592757
2014-05-14,1.3685499585046945
2014-05-15,1.345377909149385
2014-05-16,1.3444525733977548
2014-05-19,1.3384721132554767
2014-05-20,1.339032772219975
2014-05-21,1.3496380434263713
2014-05-22,1.347204160458583
2014-05-23,1.3566593907312112
2014-05-26,1.36790510850652
2014-05-27,1.3652297566771503
2014-05-28,1.375424667907902
2014-05-29,1.3636968313117428
2014-05-30,1.3668471826643687
2014-06-03,1.365755852592013
2014-06-04,1.3550625142399342
2014-06-05,1.3698319263842227
2014-06-06,1.3661980383493428
2014-06-09,1.3582580323358748
2014-06-10,1.3728663690727312
2014-06-11,1.3780322841322032
2014-06-12,1.3742954449341207
2014-06-13,1.3829413003304936
2014-06-16,1.3916402390984353
2014-06-17,1.3811084219158414
2014-06-18,1.3736550680705013
2014-06-19,1.3426854295189252
2014-06-20,1.3537671802389717
2014-06-23,1.3635748470093174
2014-06-24,1.3696669355575737
2014-06-25,1.3625138382249833
2014-06-26,1.375926394373379
2014-06-27,1.382429692525084
2014-06-30,1.3959949743269686
2014-07-01,1.4006881316931195
2014-07-02,1.409515734276122
2014-07-03,1.4244281765958389
2014-07-04,1.4224109706619066
2014-07-07,1.4232851925662107
2014-07-08,1.4279253328749277
2014-07-09,1.4071319159885576
2014-07-10,1.4092178168713152
2014-07-11,1.423940190680885
2014-07-14,1.4458502341611408
2014-07-15,1.4512906718077856
2014-07-16,1.4457833793554924
2014-07-17,1.4401973125061245
2014-07-18,1.4465130803474524
2014-07-21,1.4384543094577256
2014-07-22,1.456295872520866
2014-07-23,1.450112405054886
2014-07-24,1.4582013571076535
2014-07-25,1.473091345719721
2014-07-28,1.496471653831881
2014-07-29,1.5077115739401603
2014-07-30,1.5108463716326168
2014-07-31,1.5257445549234228
2014-08-01,1.5136291451997232
2014-08-04,1.5403719344668787
2014-08-05,1.5474040596608911
2014-08-06,1.5567090364932896
2014-08-07,1.5392678038013
2014-08-08,1.546143307345519
2014-08-11,1.5716621553794832
2014-08-12,1.5793237225544077
2014-08-13,1.5802054130704848
2014-08-14,1.5721126726223824
2014-08-15,1.5862343926822131
2014-08-18,1.6079366015290664
2014-08-19,1.6130602576078585
2014-08-20,1.614150643327247
2014-08-21,1.6096850134674163
2014-08-22,1.6197926043337372
2014-08-25,1.6083066495303633
2014-08-26,1.5821655648792585
2014-08-27,1.5843638681236432
2014-08-28,1.5696439442365426
2014-08-29,1.5842393811105355
2014-09-01,1.604530838195627
2014-09-02,1.6268284756473208
2014-09-03,1.6394524886572792
2014-09-04,1.6538632229492987
2014-09-05,1.660411419021056
2014-09-09,1.6741004537534685
2014-09-10,1.6781268303361256
2014-09-11,1.675102917513488
2014-09-12,1.6980777253425992
2014-09-15,1.7165731596303262
2014-09-16,1.6706030944468804
2014-09-17,1.6875181118284819
2014-09-18,1.7020209756927105
2014-09-19,1.7148355833209676
2014-09-22,1.691666273668076
2014-09-23,1.7120351280375645
2014-09-24,1.7371916149866613
2014-09-25,1.7339104065539108
2014-09-26,1.744079403178662
2014-09-29,1.7661702387227818
2014-09-30,1.7786624334022378
2014-10-08,1.8065052089495286
2014-10-09,1.8111453386383665
2014-10-10,1.8083495941727012
2014-10-13,1.8088277044671777
2014-10-14,1.802238853582935
2014-10-15,1.805897649881062
2014-10-16,1.7749466439300188
2014-10-17,1.755558253795345
2014-10-20,1.776697676697544
2014-10-21,1.7570957404898944
2014-10-22,1.735809326196843
2014-10-23,1.7122109933105825
2014-10-24,1.7145894505472858
2014-10-27,1.7251861863799105
2014-10-28,1.7691347869488563
2014-10-29,1.7953912811999662
2014-10-30,1.8004258652818022
2014-10-31,1.806265167764655
2014-11-03,1.820871864670335
2014-11-04,1.8146247638132997
2014-11-05,1.807409949172324
2014-11-06,1.8178012245841502
2014-11-07,1.805203821239602
2014-11-10,1.831792268876285
2014-11-11,1.786591707380751
2014-11-12,1.8190375985194678
2014-11-13,1.8029079349123043
2014-11-14,1.7958945671502788
2014-11-17,1.8137050139149216
2014-11-18,1.8155399110020256
2014-11-19,1.8198830387433462
2014-11-20,1.818415124409747
2014-11-21,1.8350498900058032
2014-11-24,1.86464952744392
2014-11-25,1.8957453049155317
2014-11-26,1.8996295898445554
2014-11-27,1.9080774831106433
2014-11-28,1.9135025674895574
2014-12-01,1.9049543821457176
2014-12-02,1.9266492710181384
2014-12-03,1.9470470909764366
2014-12-04,1.980347674507872
2014-12-05,1.9267223091619299
2014-12-08,1.9506812195110104
2014-12-09,1.8943896236484308
2014-12-10,1.9659024186573362
2014-12-11,1.9854262436639514
2014-12-12,1.9958133144599373
2014-12-15,2.026935951021953
2014-12-16,2.0246321926108823
2014-12-17,2.0054988171620587
2014-12-18,1.9929041612997587
2014-12-19,1.9802188811281836
2014-12-22,1.9252157585086247
2014-12-23,1.8949092450101939
2014-12-24,1.9161187546815557
2014-12-25,1.9501622537270806
2014-12-26,1.9729532145547182
2014-12-29,1.966606761924823
2014-12-30,1.9359562758351394
2014-12-31,1.9568186643868009
2015-01-05,2.0017662748443237
2015-01-06,2.0177398169626253
2015-01-07,2.018851724827915
2015-01-08,2.000735337162155
2015-01-09,1.9866547581484328
2015-01-12,1.9550527991006936
2015-01-13,1.9819200399260424
2015-01-14,1.9696292269995785
2015-01-15,1.9908387570776982
2015-01-16,2.006082447620066
2015-01-19,1.924936626819968
2015-01-20,1.9851865326320866
2015-01-21,2.0304303038765696
2015-01-22,2.058431097882249
2015-01-23,2.0465616047131725
2015-01-26,2.0901626821113153
2015-01-27,2.1007937519157047
2015-01-28,2.0899702509463087
2015-01-29,2.071374848453674
2015-01-30,2.0588715730192315
2015-02-02,2.0495474711641606
2015-02-03,2.0746621823580154
2015-02-04,2.0610027833885094
2015-02-05,2.0497769569952653
2015-02-06,2.0143331074035857
2015-02-09,2.0014608956029645
2015-02-10,2.0241015106079963
2015-02-11,2.0439242940121085
2015-02-12,2.0639010201910026
2015-02-13,2.0965855506283972
2015-02-16,2.1372759492912223
2015-02-17,2.1589710840349348
2015-02-25,2.159663115089308
2015-02-26,2.1779478000313652
2015-02-27,2.196321517648903
2015-03-02,2.2373631865281096
2015-03-03,2.2193788497983
2015-03-04,2.2566165033310766
2015-03-05,2.264343255767067
2015-03-06,2.2452768425145404
2015-03-09,2.270203502863435
2015-03-10,2.295614702884403
2015-03-11,2.2918989629030113
2015-03-12,2.294476494200763
2015-03-13,2.323025386584787
2015-03-16,2.3866613161054575
2015-03-17,2.414372441457996
2015-03-18,2.455082059723142
2015-03-19,2.467385226411854
2015-03-20,2.482393007243082
2015-03-23,2.538501860417122
2015-03-24,2.5506024674741967
2015-03-25,2.574918726581631
2015-03-26,2.5717454599636556
2015-03-27,2.6095241815570525
2015-03-30,2.6573626518478575
2015-03-31,2.6515344163137096
2015-04-01,2.7162984362707348
2015-04-02,2.7807947110070215
2015-04-03,2.831841584979439
2015-04-07,2.892301806864929
2015-04-08,2.873127303958826
2015-04-09,2.842018162071902
2015-04-10,2.9133970874618913
2015-04-13,2.973024475356961
2015-04-14,2.9747691579540256
2015-04-15,2.8715500280422037
2015-04-16,2.90614183386777
2015-04-17,2.9238291550836477
2015-04-20,2.8663137681253086
2015-04-21,2.9707240972077495
2015-04-22,3.0542869130275445
2015-04-23,3.0798415690119256
2015-04-24,3.0925883567856323
2015-04-27,3.115052077272691
2015-04-28,3.015050787364626
2015-04-29,3.0937169571707095
2015-04-30,3.0933497937152583
2015-05-04,3.119995172256321
2015-05-05,3.0083568963061946
2015-05-06,2.950672580150933
2015-05-07,2.8788671189816717
2015-05-08,2.9671795511964536
2015-05-11,3.089808071443847
2015-05-12,3.1498962977569454
2015-05-13,3.1771145626813873
2015-05-14,3.1814088674184546
2015-05-15,3.134269062465957
2015-05-18,3.181190325254396
2015-05-19,3.2698125994608525
2015-05-20,3.3128625551597475
2015-05-21,3.430042684828163
2015-05-22,3.5013087075550913
2015-05-25,3.6133905641547623
2015-05-26,3.721162385841154
2015-05-27,3.7581053791829464
2015-05-28,3.5230299909046208
2015-05-29,3.5644249695745707
2015-06-01,3.7667440009138566
2015-06-02,3.9218683565550587
2015-06-03,3.9574910044207274
2015-06-04,3.968229664413456
2015-06-05,4.0471500794825594
2015-06-08,4.0272235268643355
2015-06-09,4.029441209992047
2015-06-10,4.119344645374061
2015-06-11,4.176864511315874
2015-06-12,4.250163640812456
2015-06-15,4.205818503684408
2015-06-16,4.030982543987436
2015-06-17,4.114397359069047
2015-06-18,4.004788542166031
2015-06-19,3.72939942695576
2015-06-23,3.7449093692797506
2015-06-24,3.840776106222067
2015-06-25,3.681767778397828
2015-06-26,3.3560182938115806
2015-06-29,3.127391649843048
2015-06-30,3.3126974819356136
2015-07-01,3.1387868973651862
2015-07-02,2.9338429839504325
2015-07-03,2.7515597965563385
2015-07-06,2.712478604266044
2015-07-07,2.5000459854190695
2015-07-08,2.390675248486303
2015-07-09,2.528135885851604
2015-07-10,2.6822424619091927
2015-07-13,2.875859244737134
2015-07-14,2.90036104926829
2015-07-15,2.698902391097126
2015-07-16,2.7498348627920723
2015-07-17,2.918435542827683
2015-07-20,2.9695811746674488
2015-07-21,3.027884009248484
2015-07-22,3.061231586184217
2015-07-23,3.1585520542501437
2015-07-24,3.1059166507372513
2015-07-27,2.8395923300382764
2015-07-28,2.7730954220909787
2015-07-29,2.9211611277971623
2015-07-30,2.825696164922824
2015-07-31,2.795163335825035
2015-08-03,2.732670312562028
2015-08-04,2.8955766101546265
2015-08-05,2.860589279730038
2015-08-06,2.8510235800096533
2015-08-07,2.9345006966548706
2015-08-10,3.089480049792488
2015-08-11,3.1238998594484784
2015-08-12,3.092046385650479
2015-08-13,3.17924863779118
2015-08-14,3.2146305551242738
2015-08-17,3.309439736799005
2015-08-18,3.037560380935284
2015-08-19,3.1118471853090104
2015-08-20,3.0057971205930527
2015-08-21,2.8300396272014834
2015-08-24,2.5803117582131305
2015-08-25,2.3656490076079097
2015-08-26,2.3101730641572726
2015-08-27,2.4249569681036003
2015-08-28,2.579483335489564
2015-08-31,2.474447947414597
2015-09-01,2.3355226343891697
2015-09-02,2.3123402714107946
2015-09-07,2.3394575189174303
2015-09-08,2.444951365820936
2015-09-09,2.5164570970463918
2015-09-10,2.4598053343274713
2015-09-11,2.487984745984624
2015-09-14,2.315415524149722
2015-09-15,2.1876676641613035
2015-09-16,2.352655768232344
2015-09-17,2.296087373053916
2015-09-18,2.3190795384759166
2015-09-21,2.3967998917517552
2015-09-22,2.4190154329084033
2015-09-23,2.3780271030483484
2015-09-24,2.4115787161015123
2015-09-25,2.3382111710585987
2015-09-28,2.376142431557612
2015-09-29,2.3276977171156625
2015-09-30,2.337743712519458
2015-10-08,2.433504559737677
2015-10-09,2.473324245337863
2015-10-12,2.5712721848213174
2015-10-13,2.6019820246621927
2015-10-14,2.567789209416725
2015-10-15,2.6429668554825834
2015-10-16,2.6918739460717975
2015-10-19,2.6900042030557074
2015-10-20,2.7321567694155293
2015-10-21,2.5454717317851316
2015-10-22,2.629597285479768
2015-10-23,2.7035303946097033
2015-10-26,2.722827455840443
2015-10-27,2.737431589380082
2015-10-28,2.681865958225072
2015-10-29,2.708702232946118
2015-10-30,2.704789001715769
2015-11-02,2.657931526960204
2015-11-03,2.650109110705789
2015-11-04,2.781442281925653
2015-11-05,2.7747702344807808
2015-11-06,2.84221405781678
2015-11-09,2.876168012852148
2015-11-10,2.882654201315325
2015-11-11,2.912502042910019
2015-11-12,2.9023770604420918
2015-11-13,2.856192457573269
2015-11-16,2.911691881182247
2015-11-17,2.9034901246455433
2015-11-18,2.863958703657292
2015-11-19,2.928546393818949
2015-11-20,2.961992974442458
2015-11-23,2.950658860501472
2015-11-24,2.9657713387611495
2015-11-25,3.016634930769368
2015-11-26,3.012297516040129
2015-11-27,2.8251784379315725
2015-11-30,2.858997458715757
2015-12-01,2.893446127817397
2015-12-02,2.876187672998617
2015-12-03,2.9358068355342684
2015-12-04,2.905919979860827
2015-12-07,2.9382990958809256
2015-12-08,2.865420824080444
2015-12-09,2.856792568871648
2015-12-10,2.851187933794836
2015-12-11,2.853968442108737
2015-12-14,2.9082487513648996
2015-12-15,2.9328837926303972
2015-12-16,2.9416815265444263
2015-12-17,3.013654030326061
2015-12-18,3.0015620226273505
2015-12-21,3.0493244569841287
2015-12-22,3.07332736954776
2015-12-23,3.050227167472796
2015-12-24,3.026367913555357
2015-12-25,3.042392041063157
2015-12-28,2.969539111024641
2015-12-29,3.001715302222227
2015-12-30,3.032608705662184
2015-12-31,2.988447330781967
2016-01-04,2.7429283977562364
2016-01-05,2.719425427385494
2016-01-06,2.790822782486348
2016-01-07,2.5541742266142533
2016-01-08,2.6025605488138916
2016-01-11,2.424980421769126
2016-01-12,2.434969758312783
2016-01-13,2.364858606903345
2016-01-14,2.4309901123721
2016-01-15,2.323229895203259
2016-01-18,2.345923959784474
2016-01-19,2.4267953365308452
2016-01-20,2.39915498779904
2016-01-21,2.3158292027269662
2016-01-22,2.3447441423473903
2016-01-25,2.373345367893997
2016-01-26,2.1988577744772093
2016-01-27,2.178240811013553
2016-01-28,2.100096910685624
2016-01-29,2.176694255169807
2016-02-01,2.152908365012604
2016-02-02,2.2287868896062446
2016-02-03,2.2510945118320933
2016-02-04,2.291311357117814
2016-02-05,2.2630302072742947
2016-02-15,2.2566817047883814
2016-02-16,2.342086141160309
2016-02-17,2.3634283743912623
2016-02-18,2.3622895546973117
2016-02-19,2.3665877537736195
2016-02-22,2.420250650418013
2016-02-23,2.4079932592430566
2016-02-24,2.4288046690276373
2016-02-25,2.231346894846232
2016-02-26,2.251537607911794
2016-02-29,2.1465805108722864
2016-03-01,2.196416722872957
2016-03-02,2.3125119726075796
2016-03-03,2.32091181489442
2016-03-04,2.263826109461437
2016-03-07,2.3141721961435864
2016-03-08,2.3141747660696064
2016-03-09,2.258628582817508
2016-03-10,2.2218085331337454
2016-03-11,2.2185798122913116
2016-03-14,2.2872608128457634
2016-03-15,2.2749517609212306
2016-03-16,2.2534938440853085
2016-03-17,2.3151063643041896
2016-03-18,2.3813956653799027
2016-03-21,2.4359047878525133
2016-03-22,2.4227274338102687
2016-03-23,2.4390242216091003
2016-03-24,2.406620162126841
2016-03-25,2.43170414111665
2016-03-28,2.4230995135598055
2016-03-29,2.3774049890154036
2016-03-30,2.4528930360772465
2016-03-31,2.4607492630669556
2016-04-01,2.4575018515259526
2016-04-05,2.5243923091808202
2016-04-06,2.5288214338029453
2016-04-07,2.4915833005142534
2016-04-08,2.47158621446059
2016-04-11,2.520900332496621
2016-04-12,2.509679973362836
2016-04-13,2.544261714750432
2016-04-14,2.564405066548198
2016-04-15,2.5598285635607407
2016-04-18,2.527966438941883
2016-04-19,2.5340415403591057
2016-04-20,2.435103581491122
2016-04-21,2.4204687631392323
2016-04-22,2.429514395012877
2016-04-25,2.4231267395890628
2016-04-26,2.4526272354504934
2016-04-27,2.4479219654476148
2016-04-28,2.4411095612999474
2016-04-29,2.4416263289355884
2016-05-03,2.507700969255563
2016-05-04,2.509584512870333
2016-05-05,2.5187991506195986
2016-05-06,2.4323379664477294
2016-05-09,2.355278622235542
2016-05-10,2.350492380737245
2016-05-11,2.350756665044835
2016-05-12,2.3568753634370663
2016-05-13,2.3485806934024698
2016-05-16,2.3835747720227696
2016-05-17,2.373459503697709
2016-05-18,2.3129850344317915
2016-05-19,2.31570525261751
2016-05-20,2.3410619900890532
2016-05-23,2.365384107999551
2016-05-24,2.3379239597758628
2016-05-25,2.3380330327601504
2016-05-26,2.344113590929321
2016-05-27,2.3480228871478093
2016-05-30,2.342953163452296
2016-05-31,2.428441868637358
2016-06-01,2.434945871806147
2016-06-02,2.452566805338015
2016-06-03,2.470170067853267
2016-06-06,2.4757078001216026
2016-06-07,2.470226019415653
2016-06-08,2.463021627384933
2016-06-13,2.367341148626433
2016-06-14,2.368930658031892
2016-06-15,2.4367079385587838
2016-06-16,2.4359539929776552
2016-06-17,2.4546271115622664
2016-06-20,2.4613679783082985
2016-06-21,2.4490209838210957
2016-06-22,2.4827287197865417
2016-06-23,2.4690373886715378
2016-06-24,2.447502129128307
2016-06-27,2.4930922902047947
2016-06-28,2.5150611081761234
2016-06-29,2.5194875716933547
2016-06-30,2.521919131022493
2016-07-01,2.5159904630478547
2016-07-04,2.558756322117464
2016-07-05,2.5721533547873
2016-07-06,2.5780177221164347
2016-07-07,2.582492239355282
2016-07-08,2.5784316065092643
2016-07-11,2.5748140308755953
2016-07-12,2.6107997955279796
2016-07-13,2.634648158936977
2016-07-14,2.6334274215457483
2016-07-15,2.6224882145013577
2016-07-18,2.614666204088269
2016-07-19,2.6163861908691715
2016-07-20,2.6144671346614072
2016-07-21,2.624557734997033
2016-07-22,2.6023037391177364
2016-07-25,2.6107117617703883
2016-07-26,2.646173573609433
2016-07-27,2.555845012055902
2016-07-28,2.5692282798796677
2016-07-29,2.5540740483760866
2016-08-01,2.5217415780789603
2016-08-02,2.550620359480112
2016-08-03,2.578776791155196
2016-08-04,2.5927426642083424
2016-08-05,2.591514994795021
2016-08-08,2.6337359124608923
2016-08-09,2.6484970535507237
2016-08-10,2.634032935831913
2016-08-11,2.593077268134439
2016-08-12,2.6327756024874542
2016-08-15,2.6968611449666438
2016-08-16,2.711385074820633
2016-08-17,2.721468037460259
2016-08-18,2.7288673061762783
2016-08-19,2.7305998923833537
2016-08-22,2.7085816730035046
2016-08-23,2.714270535723723
2016-08-24,2.7073252126276466
2016-08-25,2.6880649131487413
2016-08-26,2.7006828990904275
2016-08-29,2.710932587962589
2016-08-30,2.7064055875692814
2016-08-31,2.717181111151579
2016-09-01,2.6921630590479646
2016-09-02,2.6868804075943418
2016-09-05,2.6967632407485365
2016-09-06,2.733301332328442
2016-09-07,2.7327263018283032
2016-09-08,2.748919848071703
2016-09-09,2.7331798532523823
2016-09-12,2.665501113265807
2016-09-13,2.684790572099011
2016-09-14,2.665178319017112
2016-09-19,2.69494016752365
2016-09-20,2.6947229656815463
2016-09-21,2.697603806526727
2016-09-22,2.7169654091917224
2016-09-23,2.7069417762873926
2016-09-26,2.656998334809224
2016-09-27,2.6790567247816592
2016-09-28,2.6772402169578875
2016-09-29,2.6821855093109863
2016-09-30,2.696391228914648
2016-10-10,2.729369137661047
2016-10-11,2.7413923318554243
2016-10-12,2.7475240783547603
2016-10-13,2.7568988518272675
2016-10-14,2.76345466358259
2016-10-17,2.737886653057362
2016-10-18,2.7789056586004888
2016-10-19,2.774958899539159
2016-10-20,2.78048562853876
2016-10-21,2.7689939579850833
2016-10-24,2.8003650235520023
2016-10-25,2.8116432374038784
2016-10-26,2.7982142181895573
2016-10-27,2.7953886575298004
2016-10-28,2.777654415995923
2016-10-31,2.7844621687225652
2016-11-01,2.8052356268085963
2016-11-02,2.79161212176993
2016-11-03,2.805379873678532
2016-11-04,2.798133556951152
2016-11-07,2.7976524366633906
2016-11-08,2.813450389703898
2016-11-09,2.79848993611082
2016-11-10,2.8358663181676267
2016-11-11,2.8471554615291548
2016-11-14,2.852977473819034
2016-11-15,2.860962988546055
2016-11-16,2.8600535519437202
2016-11-17,2.865865888242438
2016-11-18,2.851687077166387
2016-11-21,2.856738011073732
2016-11-22,2.8793353453686032
2016-11-23,2.8661092637262153
2016-11-24,2.865048046843046
2016-11-25,2.8749969126900794
2016-11-28,2.8823215617174056
2016-11-29,2.8642704587360543
2016-11-30,2.846956687740902
2016-12-01,2.859029911448475
2016-12-02,2.8125267157755167
2016-12-05,2.792495380750901
2016-12-06,2.7973853137438667
2016-12-07,2.8260687766925185
2016-12-08,2.8164945120140357
2016-12-09,2.8226065836748124
2016-12-12,2.7077353602450662
2016-12-13,2.7211278735100746
2016-12-14,2.7069707362266255
2016-12-15,2.7253776822030793
2016-12-16,2.744337728453048
2016-12-19,2.7509026983910885
2016-12-20,2.7420770947243533
2016-12-21,2.761129977366739
2016-12-22,2.768170458360541
2016-12-23,2.7431262772465828
2016-12-26,2.7484330102733545
2016-12-27,2.7501631509896383
2016-12-28,2.7387756643115604
2016-12-29,2.733256243805399
2016-12-30,2.736923044381279
2017-01-03,2.7584357223886844
2017-01-04,2.7846354592095977
2017-01-05,2.787756898827045
2017-01-06,2.7823411994701623
2017-01-09,2.8017124227800503
2017-01-10,2.789938533019681
2017-01-11,2.758860815372119
2017-01-12,2.7381815321128657
2017-01-13,2.710717166762559
2017-01-16,2.647931832757318
2017-01-17,2.6679580366010267
2017-01-18,2.6663423861019337
2017-01-19,2.6631515034845443
2017-01-20,2.6936495672426037
2017-01-23,2.709488651393699
2017-01-24,2.712805289141939
2017-01-25,2.7181086628463915
2017-01-26,2.7298612853902933
2017-02-03,2.7209353429650727
2017-02-06,2.7418925358227493
2017-02-07,2.747539009765968
2017-02-08,2.764900655815563
2017-02-09,2.775974462397795
2017-02-10,2.7837879584322165
2017-02-13,2.798383369370868
2017-02-14,2.8012961284808298
2017-02-15,2.780008730227522
2017-02-16,2.803911403315914
2017-02-17,2.7792899643788354
2017-02-20,2.8199027321414336
2017-02-21,2.8459000807792543
2017-02-22,2.8581445536874543
2017-02-23,2.8511030154872166
2017-02-24,2.850118247065907
2017-02-27,2.8293921853327695
2017-02-28,2.839219286594367
2017-03-01,2.8427579096699014
2017-03-02,2.8273982395301105
2017-03-03,2.832104506984397
2017-03-06,2.8633519053598584
2017-03-07,2.8636400367503225
2017-03-08,2.853691807584609
2017-03-09,2.830075780218362
2017-03-10,2.834892030916571
2017-03-13,2.8583111893646813
2017-03-14,2.852517895448257
2017-03-15,2.8542626495909116
2017-03-16,2.8800289577564735
2017-03-17,2.855165888325898
2017-03-20,2.8628863718013315
2017-03-21,2.873270915266568
2017-03-22,2.862871163558619
2017-03-23,2.866769533858554
2017-03-24,2.889418833761503
2017-03-27,2.8810847756827624
2017-03-28,2.876537531085649
2017-03-29,2.8731756070469894
2017-03-30,2.8277179786244617
2017-03-31,2.839869423065818
2017-04-05,2.9033340070505353
2017-04-06,2.92032971853098
2017-04-07,2.9350668656866823
2017-04-10,2.9378582983588477
2017-04-11,2.965071786166049
2017-04-12,2.9473531348543647
2017-04-13,2.9709628877931316
2017-04-14,2.9301237917366665
2017-04-17,2.9033200428058317
2017-04-18,2.88705098763545
2017-04-19,2.852371040500013
2017-04-20,2.8496893930732137
2017-04-21,2.836234119272401
2017-04-24,2.7663329454988963
2017-04-25,2.781861302401356
2017-04-26,2.8039409038526775
2017-04-27,2.812514783826119
2017-04-28,2.825120904271778
2017-05-02,2.8176839954155057
2017-05-03,2.8054350421752616
2017-05-04,2.7908550280809936
2017-05-05,2.7566670492522207
2017-05-08,2.713629521703468
2017-05-09,2.724428158414437
2017-05-10,2.6775441782983127
2017-05-11,2.6583258077254337
2017-05-12,2.656844918897079
2017-05-15,2.6596621756629952
2017-05-16,2.70648465166973
2017-05-17,2.7119480215463523
2017-05-18,2.700140318806423
2017-05-19,2.70283189665743
2017-05-22,2.6639068319877817
2017-05-23,2.608817731155272
2017-05-24,2.6180535820865094
2017-05-25,2.648816485162637
2017-05-26,2.647820338606538
2017-05-31,2.6503458165218965
2017-06-01,2.6100894727574064
2017-06-02,2.6436097184463696
2017-06-05,2.6604673588535954
2017-06-06,2.6706810673782693
2017-06-07,2.7162023802301447
2017-06-08,2.7190748849043933
2017-06-09,2.7244067969204853
2017-06-12,2.698253299316271
2017-06-13,2.724682968630019
2017-06-14,2.714258827641888
2017-06-15,2.733726218670374
2017-06-16,2.7261238026014296
2017-06-19,2.744022228263395
2017-06-20,2.7477705530449703
2017-06-21,2.7529550863684937
2017-06-22,2.7256730478812035
2017-06-23,2.7322801330971522
2017-06-26,2.774495837500184
2017-06-27,2.775877399479136
2017-06-28,2.7619993594074446
2017-06-29,2.7750911118251476
2017-06-30,2.7820965929420174
2017-07-03,2.8004850161824257
2017-07-04,2.790344964804246
2017-07-05,2.8096581200912385
2017-07-06,2.8119662795978746
2017-07-07,2.820568988109561
2017-07-10,2.8205785767623532
2017-07-11,2.7930980245352415
2017-07-12,2.7896054280383176
2017-07-13,2.799171540135485
2017-07-14,2.7944364272059294
2017-07-17,2.691369962681945
2017-07-18,2.7229652658875096
2017-07-19,2.772566678092206
2017-07-20,2.7912832853983938
2017-07-21,2.807508318246855
2017-07-24,2.834435677951137
2017-07-25,2.818455173456394
2017-07-26,2.8205175573247585
2017-07-27,2.833603202750642
2017-07-28,2.8311209154989903
2017-07-31,2.860157591217547
2017-08-01,2.851125723971623
2017-08-02,2.835164833230324
2017-08-03,2.835595942665555
2017-08-04,2.8260142424010306
2017-08-07,2.849551876928148
2017-08-08,2.8559745732248354
2017-08-09,2.8601719292119423
2017-08-10,2.8311182326256974
2017-08-11,2.779227156630645
2017-08-14,2.822880481853486
2017-08-15,2.8317663188515514
2017-08-16,2.841890641382632
2017-08-17,2.87022703532853
2017-08-18,2.8694612795438115
2017-08-21,2.8945028605902143
2017-08-22,2.882468182656166
2017-08-23,2.8594832389637856
2017-08-24,2.8488098660765
2017-08-25,2.882604355754674
2017-08-28,2.9108978653638697
2017-08-29,2.9005110567584236
2017-08-30,2.9202806016499223
2017-08-31,2.9211624408028674
2017-09-01,2.939819332225318
2017-09-04,2.94501599256393
2017-09-05,2.9464151108937577
2017-09-06,2.950866974443219
2017-09-07,2.943025614380868
2017-09-08,2.945227746008089
2017-09-11,2.9663782279883337
2017-09-12,2.953054077756876
2017-09-13,2.9651436777664117
2017-09-14,2.9570345575592913
2017-09-15,2.9480711299384916
2017-09-18,2.9658606969493646
2017-09-19,2.9596181867625377
2017-09-20,2.9813696591451713
2017-09-21,2.9457639854136244
2017-09-22,2.9279797519389255
2017-09-25,2.8865751499848895
2017-09-26,2.892543956704734
2017-09-27,2.912905962593786
2017-09-28,2.90349684515385
2017-09-29,2.9266732011924304
2017-10-09,2.9569190368417955
2017-10-10,2.969215920414322
2017-10-11,2.9681926606518023
2017-10-12,2.961977542820938
2017-10-13,2.968876806246592
2017-10-16,2.9309354489947483
2017-10-17,2.9283930328941437
2017-10-18,2.909941883967901
2017-10-19,2.8820195558766852
2017-10-20,2.917715267466332
2017-10-23,2.9363807735645344
2017-10-24,2.926581591340767
2017-10-25,2.947741307672674
2017-10-26,2.961412932043146
2017-10-27,2.948251105278631
2017-10-30,2.902732803793628
2017-10-31,2.92433191421701
2017-11-01,2.9237571661662907
2017-11-02,2.898878309402968
2017-11-03,2.87979264826028
2017-11-06,2.9060394632374056
2017-11-07,2.925941832968465
2017-11-08,2.9283024636538064
2017-11-09,2.94560703328868
2017-11-10,2.9522754994344975
2017-11-13,2.949371886614179
2017-11-14,2.933971115481947
2017-11-15,2.909815225728009
2017-11-16,2.9211484467670865
2017-11-17,2.8517999781658943
2017-11-20,2.8709711628093846
2017-11-21,2.8781063403038867
2017-11-22,2.8684816588095132
2017-11-23,2.804490337476749
2017-11-24,2.815607624147651
2017-11-27,2.7814470272958665
2017-11-28,2.823945090218505
2017-11-29,2.8339044026894533
2017-11-30,2.8110495297483786
2017-12-01,2.834220063396122
2017-12-04,2.8180842324617035
2017-12-05,2.763035277289626
2017-12-06,2.7799502696922076
2017-12-07,2.766444770873703
2017-12-08,2.7946709972541206
2017-12-11,2.8246341211147548
2017-12-12,2.7990045582832814
2017-12-13,2.818582830323029
2017-12-14,2.816834421316115
2017-12-15,2.800035552668479
2017-12-18,2.788758630496915
2017-12-19,2.809879574605395
2017-12-20,2.79297062174869
2017-12-21,2.8035349295054286
2017-12-22,2.7985265618109425
2017-12-25,2.7701132841992373
2017-12-26,2.786385437406452
2017-12-27,2.7701032638485086
2017-12-28,2.777320904626805
2017-12-29,2.7984323785458596
2018-01-02,2.829211392548666
2018-01-03,2.8513747777196268
2018-01-04,2.8653193156914933
2018-01-05,2.8790031335112043
2018-01-08,2.9098070643016505
2018-01-09,2.90560368098106
2018-01-10,2.880518425349731
2018-01-11,2.8870150255025377
2018-01-12,2.8748286998065824
2018-01-15,2.806080039536772
2018-01-16,2.843262720854761
2018-01-17,2.8297682763914382
2018-01-18,2.840872768965965
2018-01-19,2.8347314300754505
2018-01-22,2.8593462077926586
2018-01-23,2.86486769990111
2018-01-24,2.8751157041149566
2018-01-25,2.873511554827956
2018-01-26,2.874171148051543
2018-01-29,2.842099408513642
2018-01-30,2.8434145403095967
2018-01-31,2.8022196880267978
2018-02-01,2.704646851914875
2018-02-02,2.7027950407411128
2018-02-05,2.70013882155204
2018-02-06,2.570446862885547
2018-02-07,2.5701371309770695
2018-02-08,2.5963590795358225
2018-02-09,2.504748793750998
2018-02-12,2.5615464229450144
2018-02-13,2.575870887884898
2018-02-14,2.5829904044592715
2018-02-22,2.6269101378387534
2018-02-23,2.632385015034255
2018-02-26,2.6747752588819886
2018-02-27,2.6607681780765176
2018-02-28,2.669222186605132
2018-03-01,2.7012979511744892
2018-03-02,2.688001890268117
2018-03-05,2.6895569869629674
2018-03-06,2.7185459086826387
2018-03-07,2.7015749283297312
2018-03-08,2.710314710314334
2018-03-09,2.742235602270275
2018-03-12,2.770261065420216
2018-03-13,2.755243061959418
2018-03-14,2.729661294504091
2018-03-15,2.721731600045438
2018-03-16,2.714173930828945
2018-03-19,2.7119784649210614
2018-03-20,2.7114974605950026
2018-03-21,2.699394087443922
2018-03-22,2.69948650178051
2018-03-23,2.571319971230337
2018-03-26,2.5978641083053398
2018-03-27,2.6528258393994584
2018-03-28,2.6287571344563196
2018-03-29,2.649025384778594
2018-03-30,2.6721657590238417
2018-04-02,2.6746975346564397
2018-04-03,2.6514183306141583
2018-04-04,2.635617392837549
2018-04-09,2.6349143561769814
2018-04-10,2.6442811161505335
2018-04-11,2.6575032306509536
2018-04-12,2.6400952244837312
2018-04-13,2.640220086771711
2018-04-16,2.620281754145219
2018-04-17,2.569173898900352
2018-04-18,2.5879562030364527
2018-04-19,2.5980107419178937
2018-04-20,2.5461679858355293
2018-04-23,2.528360078395192
2018-04-24,2.5718975289372974
2018-04-25,2.576576676651418
2018-04-26,2.5322127361478746
2018-04-27,2.5416982129213337
2018-05-02,2.534672404925889
2018-05-03,2.5554710171560866
2018-05-04,2.5563475834804232
2018-05-07,2.5942309397289214
2018-05-08,2.6053809435244495
2018-05-09,2.6042789423842536
2018-05-10,2.6132013163089467
2018-05-11,2.5949712699994176
2018-05-14,2.5916189190157977
2018-05-15,2.603806562511627
2018-05-16,2.6020888223126217
2018-05-17,2.5934282893900273
2018-05-18,2.6129715250982986
2018-05-21,2.641681586720108
2018-05-22,2.650366335410334
2018-05-23,2.62532237100833
2018-05-24,2.622661735711922
2018-05-25,2.5995480818501058
2018-05-28,2.5855537765321546
2018-05-29,2.570687212440007
2018-05-30,2.5000237077378102
2018-05-31,2.532020369161363
2018-06-01,2.5078919688462658
2018-06-04,2.514407078332484
2018-06-05,2.5434591660695385
2018-06-06,2.5441869882699133
2018-06-07,2.5256083026004714
2018-06-08,2.4907016193802236
2018-06-11,2.476173253573855
2018-06-12,2.4977697201502087
2018-06-13,2.4629892161582814
2018-06-14,2.455709617898069
2018-06-15,2.415893158375286
2018-06-19,2.2704575792529402
2018-06-20,2.296983734118083
2018-06-21,2.255528578482023
2018-06-22,2.2817374322704427
2018-06-25,2.26865426010257
2018-06-26,2.2709335951515364
2018-06-27,2.255946731606448
2018-06-28,2.230969523190735
2018-06-29,2.2814827302863914
2018-07-02,2.2440357959768793
2018-07-03,2.260676183057643
2018-07-04,2.232190895322545
2018-07-05,2.16664510553259
2018-07-06,2.1704678731581737
2018-07-09,2.2147785345636164
2018-07-10,2.232838471908751
2018-07-11,2.1919612456380664
2018-07-12,2.2492581167978103
2018-07-13,2.2537505249446035
2018-07-16,2.2566084055977815
2018-07-17,2.260989294398963
2018-07-18,2.2553350172726865
2018-07-19,2.23876353490297
2018-07-20,2.2641778459185864
2018-07-23,2.2866796117032084
2018-07-24,2.330455733981778
2018-07-25,2.3351547617422486
2018-07-26,2.3309736225714848
2018-07-27,2.318513365979794
2018-07-30,2.2978552893137545
2018-07-31,2.3023113425510022
2018-08-01,2.2670721680313104
2018-08-02,2.2192692995055316
2018-08-03,2.208346788600455
2018-08-06,2.1716249356938935
2018-08-07,2.2288151988748273
2018-08-08,2.195979635893596
2018-08-09,2.2355319034481513
2018-08-10,2.243606759236655
2018-08-13,2.2474352817279324
2018-08-14,2.24317894990885
2018-08-15,2.2002585209490104
2018-08-16,2.1791879914233903
2018-08-17,2.146375499003545
2018-08-20,2.155807719917249
2018-08-21,2.182348586138066
2018-08-22,2.1620300650529685
2018-08-23,2.1718064256471896
2018-08-24,2.169661380008131
2018-08-27,2.2117890886940486
2018-08-28,2.2132222712549066
2018-08-29,2.20169432352144
2018-08-30,2.1756964789155644
2018-08-31,2.1560590449933734
2018-09-03,2.1606142236241044
2018-09-04,2.1823530620786875
2018-09-05,2.1534389842828414
2018-09-06,2.1423815758048366
2018-09-07,2.1481193709881397
2018-09-10,2.1142547882075426
2018-09-11,2.1158002829481104
2018-09-12,2.1130761202127917
2018-09-13,2.1317247911052126
2018-09-14,2.118733907722039
2018-09-17,2.0890916608663983
2018-09-18,2.11978234631426
2018-09-19,2.1405885941062333
2018-09-20,2.1377302994965213
2018-09-21,2.1654846409000768
2018-09-25,2.1584346679738418
2018-09-26,2.16665406862888
2018-09-27,2.1388150875807965
2018-09-28,2.156361279707738
2018-10-08,2.0939150838144616
2018-10-09,2.098046681843628
2018-10-10,2.100128481918029
2018-10-11,1.9480321171425001
2018-10-12,1.9341297519762324
2018-10-15,1.903846795618289
2018-10-16,1.8611870441884006
2018-10-17,1.8757662747686739
2018-10-18,1.8248167288342476
2018-10-19,1.8635150213735763
2018-10-22,1.9575793539694173
2018-10-23,1.9221864263083601
2018-10-24,1.9264330198365982
2018-10-25,1.9210140268481581
2018-10-26,1.9336917393999142
2018-10-29,1.9048096578039404
2018-10-30,1.921665316774051
2018-10-31,1.9511758325957596
2018-11-01,1.9569215661978034
2018-11-02,2.014306354123238
2018-11-05,2.028513920162556
2018-11-06,2.0352841125565893
2018-11-07,2.031366234755601
2018-11-08,2.021644932887147
2018-11-09,2.0146198382261913
2018-11-12,2.0682190010179142
2018-11-13,2.102561988011393
2018-11-14,2.098789741698019
2018-11-15,2.1282544020972374
2018-11-16,2.1571953095327108
2018-11-19,2.1701012903089136
2018-11-20,2.1067272557293046
2018-11-21,2.119656606696966
2018-11-22,2.121846972803013
2018-11-23,2.0307148588013675
2018-11-26,2.0301855338327295
2018-11-27,2.0426019061021443
2018-11-28,2.0748779339717878
2018-11-29,2.0344775411959333
2018-11-30,2.0448700757041016
2018-12-03,2.110750362075852
2018-12-04,2.121213636534898
2018-12-05,2.1085188128615253
2018-12-06,2.074422005959608
2018-12-07,2.0686805080706723
2018-12-10,2.0456691036575596
2018-12-11,2.0562857789007745
2018-12-12,2.05654301207246
2018-12-13,2.078094401939991
2018-12-14,2.027486286054601
2018-12-17,2.0269197896100346
2018-12-18,2.01684252974133
2018-12-19,1.9941090157143693
2018-12-20,2.004309186331955
2018-12-21,1.986751988105821
2018-12-24,2.0082969085685582
2018-12-25,1.9856355888672537
2018-12-26,1.9923536835926483
2018-12-27,1.9666528289891283
2018-12-28,1.9732173454082003
2019-01-02,1.964064385638806
2019-01-03,1.9590781476498413
2019-01-04,2.0012367309147474
2019-01-07,2.042307570524068
2019-01-08,2.036645169290299
2019-01-09,2.043967394988664
2019-01-10,2.0396809004105174
2019-01-11,2.0541535391131505
2019-01-14,2.0483389521741215
2019-01-15,2.0664872531781144
2019-01-16,2.0650805530075367
2019-01-17,2.0545047799585654
2019-01-18,2.071209415927372
2019-01-21,2.0809302681639843
2019-01-22,2.0594073634341687
2019-01-23,2.0668167296171864
2019-01-24,2.070102082030587
2019-01-25,2.0640331517975494
2019-01-28,2.0590776188124975
2019-01-29,2.0368937432899807
2019-01-30,2.008234317270196
2019-01-31,1.984140730406843
2019-02-01,2.0364079941662885
2019-02-11,2.090848855675233
2019-02-12,2.1112831685613287
2019-02-13,2.14598320346329
2019-02-14,2.147546161374018
2019-02-15,2.141428167795178
2019-02-18,2.209095092774798
2019-02-19,2.211337887676645
2019-02-20,2.2189521117113045
2019-02-21,2.2136596725233337
2019-02-22,2.2574301892622466
2019-02-25,2.360802752078051
2019-02-26,2.361056809591768
2019-02-27,2.3524940120636786
2019-02-28,2.3588692678724055
2019-03-01,2.374544249545504
2019-03-04,2.4113775994640574
2019-03-05,2.475064594443753
2019-03-06,2.5159611197870313
2019-03-07,2.5459676182791218
2019-03-08,2.438983661631262
2019-03-11,2.530786867160387
2019-03-12,2.585955693673852
2019-03-13,2.539252468152478
2019-03-14,2.4771500495937024
2019-03-15,2.5265824417901346
2019-03-18,2.5956581442555575
2019-03-19,2.602492529585309
2019-03-20,2.6006789143832294
2019-03-21,2.6341239781953663
2019-03-22,2.6584144037883646
2019-03-25,2.6333530733080988
2019-03-26,2.5606920831556037
2019-03-27,2.588521825411223
2019-03-28,2.551275077864332
2019-03-29,2.6265329167583715
2019-04-01,2.7291978805073787
2019-04-02,2.7404952147981327
2019-04-03,2.7677360607390322
2019-04-04,2.7950926215059524
2019-04-08,2.801777722274456
2019-04-09,2.800133517392921
2019-04-10,2.8060785721159966
2019-04-11,2.766540120178034
2019-04-12,2.759449176778042
2019-04-15,2.730393126754729
2019-04-16,2.77868554265294
2019-04-17,2.7955526691723245
2019-04-18,2.7695126779271857
2019-04-19,2.781081352002734
2019-04-22,2.75107533279092
2019-04-23,2.7121180484430556
2019-04-24,2.732156708934869
2019-04-25,2.6362838258423236
2019-04-26,2.592370512104817
2019-04-29,2.508847892741892
2019-04-30,2.5373864102160906
2019-05-06,2.3588308155121775
2019-05-07,2.3951617763697137
2019-05-08,2.379783424306107
2019-05-09,2.358338716089841
2019-05-10,2.431729828062036
2019-05-13,2.4072807715602287
2019-05-14,2.3900311711390843
2019-05-15,2.4392062549964306
2019-05-16,2.456390360786374
2019-05-17,2.3776707733335276
2019-05-20,2.357650524768628
2019-05-21,2.402033941399696
2019-05-22,2.3829411717286435
2019-05-23,2.338336621574098
2019-05-24,2.320259563017999
2019-05-27,2.383509210014174
2019-05-28,2.389064161268674
2019-05-29,2.392242147269933
2019-05-30,2.3840396435063407
2019-05-31,2.3873414956036867
2019-06-03,2.366046412396225
2019-06-04,2.3372947808136852
2019-06-05,2.337799396771113
2019-06-06,2.289785448653097
2019-06-10,2.309304331100506
2019-06-11,2.382995839600178
2019-06-12,2.3690395902462726
2019-06-13,2.3746524671451015
2019-06-14,2.3386138928585836
2019-06-17,2.3392962836355404
2019-06-18,2.34033853498911
2019-06-19,2.3697986042993358
2019-06-20,2.410909849909643
2019-06-21,2.4374300538485594
2019-06-24,2.437752242781577
2019-06-25,2.4113061539215477
2019-06-26,2.4117607134087353
2019-06-27,2.4315127216843035
2019-06-28,2.405348294104525
2019-07-01,2.470678663375492
2019-07-02,2.473089771374036
2019-07-03,2.4503747461095697
2019-07-04,2.4443813365531413
2019-07-05,2.454229814862447
2019-07-08,2.38131616141389
2019-07-09,2.3896793290576355
2019-07-10,2.3730758268069536
2019-07-11,2.36992009643934
2019-07-12,2.382829492178246
2019-07-15,2.413451736571496
2019-07-16,2.4116553105458016
2019-07-17,2.4134065158107405
2019-07-18,2.3745517969286496
2019-07-19,2.392651210645853
2019-07-22,2.3484911591725672
2019-07-23,2.3652416697029337
2019-07-24,2.3908368053846005
2019-07-25,2.3984378628390233
2019-07-26,2.4024933064402867
2019-07-29,2.410174734356217
2019-07-30,2.418700558239238
2019-07-31,2.4080774359584876
2019-08-01,2.3962484941402495
2019-08-02,2.359907663187841
2019-08-05,2.3320825841069706
2019-08-06,2.2671750643480184
2019-08-07,2.2644822558957176
2019-08-08,2.28049300996291
2019-08-09,2.2504022825794423
2019-08-12,2.283406416383173
2019-08-13,2.271110535701864
2019-08-14,2.2808337768248697
2019-08-15,2.2889724057857506
2019-08-16,2.3026910370080405
2019-08-19,2.356311089434424
2019-08-20,2.354361142875057
2019-08-21,2.35344095939291
2019-08-22,2.356652533663721
2019-08-23,2.3564972072053134
2019-08-26,2.3425508510844795
2019-08-27,2.3895495464145746
2019-08-28,2.395215093586678
2019-08-29,2.3944787197743507
2019-08-30,2.369989504757173
2019-09-02,2.4169048134771938
2019-09-03,2.428998322780844
2019-09-04,2.450057864494266
2019-09-05,2.4710395980812843
2019-09-06,2.4712994971707727
2019-09-09,2.509654653680425
2019-09-10,2.5085655622888816
2019-09-11,2.491662579878662
2019-09-12,2.5004764861863045
2019-09-16,2.5097626812590508
2019-09-17,2.457990315493023
2019-09-18,2.4643734535147894
2019-09-19,2.491894294295933
2019-09-20,2.498837624185587
2019-09-23,2.47234172550396
2019-09-24,2.4641905988015846
2019-09-25,2.42936348217861
2019-09-26,2.3767335255095405
2019-09-27,2.3966345888006204
2019-09-30,2.38093472003531
2019-10-08,2.391835305947563
2019-10-09,2.4137836651056777
2019-10-10,2.447707671708369
2019-10-11,2.450035086597065
2019-10-14,2.483359999881594
2019-10-15,2.4676735915833246
2019-10-16,2.4522946673977497
2019-10-17,2.4478604965174364
2019-10-18,2.423837896621368
2019-10-21,2.4247751720879607
2019-10-22,2.4468612254115647
2019-10-23,2.432693675815017
2019-10-24,2.4335531078107833
2019-10-25,2.4661879520233265
2019-10-28,2.5014124097335095
2019-10-29,2.478248268795099
2019-10-30,2.44671072489762
2019-10-31,2.4229061377164878
2019-11-01,2.436889889463859
2019-11-04,2.4439135039338282
2019-11-05,2.4614891551234686
2019-11-06,2.43715396194362
2019-11-07,2.4462414213599115
2019-11-08,2.4374695031785314
2019-11-11,2.3836904427961545
2019-11-12,2.3845274469091633
2019-11-13,2.37299634616472
2019-11-14,2.3822864665899672
2019-11-15,2.350966590924836
2019-11-18,2.369696242724491
2019-11-19,2.4141428605586754
2019-11-20,2.3962627938713474
2019-11-21,2.4002188977363543
2019-11-22,2.387914583043583
2019-11-25,2.3953091682888394
2019-11-26,2.393487840027282
2019-11-27,2.3940890946200657
2019-11-28,2.385041038015174
2019-11-29,2.3832851114913054
2019-12-02,2.3857925933308857
2019-12-03,2.394135054016383
2019-12-04,2.3935164091684475
2019-12-05,2.4125713213421807
2019-12-06,2.4225648279805276
2019-12-09,2.4241630786760626
2019-12-10,2.4242038138344824
2019-12-11,2.412472477872001
2019-12-12,2.409781903672962
2019-12-13,2.438498450896933
2019-12-16,2.4684217272285287
2019-12-17,2.50297166967902
2019-12-18,2.498651016214657
2019-12-19,2.510597206363079
2019-12-20,2.4907257688487627
2019-12-23,2.4418637389145044
2019-12-24,2.4671906050674
2019-12-25,2.4746703500615324
2019-12-26,2.492841641535608
2019-12-27,2.4859199401992353
2019-12-30,2.509469660213158
2019-12-31,2.5281978301298866
2020-01-02,2.5680746716525134
2020-01-03,2.576691912741513
2020-01-06,2.593213739246103
2020-01-07,2.6286066750892245
2020-01-08,2.592203695141537
2020-01-09,2.6200783414540183
2020-01-10,2.6091455502617915
2020-01-13,2.6369875971279297
2020-01-14,2.6338092540339466
2020-01-15,2.625522817126849
2020-01-16,2.613566586737178
2020-01-17,2.605752436075683
2020-01-20,2.6421514437942055
2020-01-21,2.618076658718294
2020-01-22,2.6216990851497988
2020-01-23,2.541254596312459
2020-02-03,2.327638602853795
2020-02-04,2.361961759279505
2020-02-05,2.4132807141271844
2020-02-06,2.4806593868541826
2020-02-07,2.497131342359626
2020-02-10,2.532003048921371
2020-02-11,2.5265264053579246
2020-02-12,2.5497616383275092
2020-02-13,2.5256777838842868
2020-02-14,2.5374805348579215
2020-02-17,2.600880097029716
2020-02-18,2.626460090361129
2020-02-19,2.6153074082323378
2020-02-20,2.6637752372035397
2020-02-21,2.697187479810717
2020-02-24,2.7348965731953987
2020-02-25,2.749378135235547
2020-02-26,2.711938137857304
2020-02-27,2.7037600393985466
2020-02-28,2.5978680267317404
2020-03-02,2.7006250453335086
2020-03-03,2.7240557829849683
2020-03-04,2.7493933374522808
2020-03-05,2.799398730434465
2020-03-06,2.797185348274444
2020-03-09,2.721757983682736
2020-03-10,2.7705153565284584
2020-03-11,2.7397796212346535
2020-03-12,2.690436931543574
2020-03-13,2.67402357089842
2020-03-16,2.5704015911638636
2020-03-17,2.5756876496413987
2020-03-18,2.5434738666407912
2020-03-19,2.5627782331502718
2020-03-20,2.574355746010379
2020-03-23,2.471920113740735
2020-03-24,2.5081530891350923
2020-03-25,2.567969571499848
2020-03-26,2.544378492587654
2020-03-27,2.539106860370782
2020-03-30,2.5048705666927544
2020-03-31,2.5150646215747834
2020-04-01,2.500594892260791
2020-04-02,2.5462012445569746
2020-04-03,2.5369745457314963
2020-04-07,2.6065922538862205
2020-04-08,2.608493758893214
2020-04-09,2.6222732224562537
2020-04-10,2.5772895901753294
2020-04-13,2.5697076827719516
2020-04-14,2.6108200554900542
2020-04-15,2.5913567680694594
2020-04-16,2.6010990439513764
2020-04-17,2.6068640607795697
2020-04-20,2.630268691434118
2020-04-21,2.6133305283593353
2020-04-22,2.62617803954876
2020-04-23,2.618389583474701
2020-04-24,2.5847949767647345
2020-04-27,2.5898343932032613
2020-04-28,2.558508802625933
2020-04-29,2.558766168899552
2020-04-30,2.6004345813908323
2020-05-06,2.627904914985817
2020-05-07,2.6123272662473043
2020-05-08,2.6309666494504382
2020-05-11,2.615772206765414
2020-05-12,2.6132312746319313
2020-05-13,2.6284042814921738
2020-05-14,2.6016212775040044
2020-05-15,2.6071653890404716
2020-05-18,2.60986386209886
2020-05-19,2.6380675119710637
2020-05-20,2.6120194353983637
2020-05-21,2.6027698137761455
2020-05-22,2.5671525892118026
2020-05-25,2.568407069209688
2020-05-26,2.6058789912845537
2020-05-27,2.5960240380424375
2020-05-28,2.592395925942303
2020-05-29,2.6139682299253657
2020-06-01,2.6763827196316794
2020-06-02,2.6869985470076507
2020-06-03,2.687928968577805
2020-06-04,2.698367356901531
2020-06-05,2.6925101761044234
2020-06-08,2.6963525728255555
2020-06-09,2.709163327628642
2020-06-10,2.714933823638862
2020-06-11,2.6868833510210446
2020-06-12,2.6915052860922852
2020-06-15,2.700477999391559
2020-06-16,2.7342475775131483
2020-06-17,2.752868305272153
2020-06-18,2.7645019407274867
2020-06-19,2.77916968558093
2020-06-22,2.785938456631694
2020-06-23,2.7935471112135657
2020-06-24,2.7836420331094414
2020-06-29,2.7651322548616792
2020-06-30,2.81650554424673
2020-07-01,2.8329107825648236
2020-07-02,2.859932632357772
2020-07-03,2.896074546779611
2020-07-06,3.020719713688829
2020-07-07,3.0389746736947525
2020-07-08,3.1023496977888563
2020-07-09,3.179010822481207
2020-07-10,3.1587457228583875
2020-07-13,3.2682512838569964
2020-07-14,3.254823255584528
2020-07-15,3.1894343091263258
2020-07-16,3.050007480925983
2020-07-17,3.069828645713648
2020-07-20,3.1689257773608563
2020-07-21,3.1791871990650034
2020-07-22,3.182201151563636
2020-07-23,3.167884495694496
2020-07-24,3.0272671668295557
2020-07-27,3.0260601795609134
2020-07-28,3.054297628707893
2020-07-29,3.1167822171967803
2020-07-30,3.113544536036255
2020-07-31,3.1455722867529348
2020-08-03,3.21572654172881
2020-08-04,3.2082831515888968
2020-08-05,3.2385420034174683
2020-08-06,3.2288592570365933
2020-08-07,3.1871385608784886
2020-08-10,3.213808768218651
2020-08-11,3.1721447123312907
2020-08-12,3.1414484082144885
2020-08-13,3.149290165981867
2020-08-14,3.1701409899458315
2020-08-17,3.2093758641857093
2020-08-18,3.2244769883220274
2020-08-19,3.175834355564114
2020-08-20,3.1466360840030454
2020-08-21,3.1650794058065195
2020-08-24,3.1890802073400293
2020-08-25,3.1689467564778866
2020-08-26,3.125308186502752
2020-08-27,3.1489210406329806
2020-08-28,3.190383572349022
2020-08-31,3.1840908392144156
2020-09-01,3.1980836475612406
2020-09-02,3.189574787858381
2020-09-03,3.1668218317350902
2020-09-04,3.1532568527549785
2020-09-07,3.0951940762701406
2020-09-08,3.123875426681399
2020-09-09,3.069929789328221
2020-09-10,3.011824433615322
2020-09-11,3.0386594006279912
2020-09-14,3.0495716296212256
2020-09-15,3.0580297337294797
2020-09-16,3.0418987485240585
2020-09-17,3.044505728435156
2020-09-18,3.092079293384441
2020-09-21,3.077537074172454
2020-09-22,3.0389757832641124
2020-09-23,3.049970652292954
2020-09-24,2.9822733524962364
2020-09-25,2.970855294087548
2020-09-28,2.94708802421494
2020-09-29,2.9673717069407695
2020-09-30,2.9557887951086603
2020-10-09,3.028037887750625
2020-10-12,3.1063985460731907
2020-10-13,3.131123792990241
2020-10-14,3.105282213480623
2020-10-15,3.087455784782528
2020-10-16,3.0759528813911676
2020-10-19,3.051067131071041
2020-10-20,3.0723315866584153
2020-10-21,3.035208446320069
2020-10-22,3.0180851103992676
2020-10-23,2.979083471752994
2020-10-26,2.972263980773848
2020-10-27,2.971807157901865
2020-10-28,2.973735817532391
2020-10-29,2.9769447082009686
2020-10-30,2.9164632963915245
2020-11-02,2.926971203617359
2020-11-03,2.9722672987282293
2020-11-04,2.9624508371486336
2020-11-05,3.011107419087163
2020-11-06,2.9882317489560712
2020-11-09,3.038277091167423
2020-11-10,3.008721842531615
2020-11-11,2.9779255745839137
2020-11-12,2.9756390171956713
2020-11-13,2.9707732014501502
2020-11-16,3.0184433317567914
2020-11-17,3.009966076346305
2020-11-18,3.0124702727235237
2020-11-19,3.0186991614110195
2020-11-20,3.0343417561678474
2020-11-23,3.0513689960182386
2020-11-24,3.0437354675589123
2020-11-25,3.0012464850630693
2020-11-26,2.998410831962693
2020-11-27,3.0231520044852496
2020-11-30,3.016026468992602
2020-12-01,3.0599054996740627
2020-12-02,3.079266491868653
2020-12-03,3.077231496950021
2020-12-04,3.074849981484929
2020-12-07,3.0662286805432637
2020-12-08,3.052047336704589
2020-12-09,3.0031811056793556
2020-12-10,2.9936749072083635
2020-12-11,2.9476894971524215
2020-12-14,2.95947696801762
2020-12-15,2.9603498945990103
2020-12-16,2.947412524802213
2020-12-17,2.977347676793591
2020-12-18,2.9669941744427923
2020-12-21,3.0089604917201895
2020-12-22,2.9514540087147396
2020-12-23,2.97329728283183
2020-12-24,2.9515692664978848
2020-12-25,2.9759380698004807
2020-12-28,2.9660097845231084
2020-12-29,2.9543249164801204
2020-12-30,2.9753383402949027
2020-12-31,3.0063985530464694
