rebalance_date,fallback_level,solver_status,solve_time_s,cov_available,w_prev_source,constraint_compliant,optimizer_mode,requested_topn,n_holdings,n_halt,n_limit_up,n_limit_down
2014-03-31,2,topn_ew_forced,0.0036542000016197562,False,target_weight,True,topn_ew,150,150,24,0,0
2014-04-30,2,topn_ew_forced,0.003232399933040142,False,target_weight,True,topn_ew,150,154,26,0,0
2014-05-30,2,topn_ew_forced,0.003926999983377755,False,target_weight,True,topn_ew,150,153,25,0,0
2014-06-30,2,topn_ew_forced,0.0038569000316783786,False,target_weight,True,topn_ew,150,154,19,0,0
2014-07-31,2,topn_ew_forced,0.003325600060634315,False,target_weight,True,topn_ew,150,156,19,0,0
2014-08-29,2,topn_ew_forced,0.0030978999566286802,False,target_weight,True,topn_ew,150,157,22,0,0
2014-09-30,2,topn_ew_forced,0.00398539996240288,False,target_weight,True,topn_ew,150,159,27,0,0
2014-10-31,2,topn_ew_forced,0.002657499979250133,False,target_weight,True,topn_ew,150,160,34,0,0
2014-11-28,2,topn_ew_forced,0.0025626999558880925,False,target_weight,True,topn_ew,150,160,36,0,0
2014-12-31,2,topn_ew_forced,0.0026832999428734183,False,target_weight,True,topn_ew,150,163,32,0,0
2015-01-30,2,topn_ew_forced,0.002464100020006299,False,target_weight,True,topn_ew,150,161,30,0,0
2015-02-27,2,topn_ew_forced,0.002633499912917614,False,target_weight,True,topn_ew,150,162,28,0,0
2015-03-31,2,topn_ew_forced,0.002459899988025427,False,target_weight,True,topn_ew,150,167,45,0,0
2015-04-30,2,topn_ew_forced,0.0023533999919891357,False,target_weight,True,topn_ew,150,167,43,0,0
2015-05-29,2,topn_ew_forced,0.0022878999589011073,False,target_weight,True,topn_ew,150,168,64,0,0
2015-06-30,2,topn_ew_forced,0.002532699960283935,False,target_weight,True,topn_ew,150,170,69,0,0
2015-07-31,2,topn_ew_forced,0.002213299972936511,False,target_weight,True,topn_ew,150,171,73,0,0
2015-08-31,2,topn_ew_forced,0.0030252999858930707,False,target_weight,True,topn_ew,150,171,74,0,0
2015-09-30,2,topn_ew_forced,0.002546599949710071,False,target_weight,True,topn_ew,150,173,63,0,0
2015-10-30,2,topn_ew_forced,0.0023999999975785613,False,target_weight,True,topn_ew,150,175,64,0,0
2015-11-30,2,topn_ew_forced,0.002589099924080074,False,target_weight,True,topn_ew,150,167,42,0,0
2015-12-31,2,topn_ew_forced,0.0026233999524265528,False,target_weight,True,topn_ew,150,163,40,0,0
2016-01-29,2,topn_ew_forced,0.0026904999976977706,False,target_weight,True,topn_ew,150,160,34,0,0
2016-02-29,2,topn_ew_forced,0.003958099987357855,False,target_weight,True,topn_ew,150,162,45,0,0
2016-03-31,2,topn_ew_forced,0.002659299992956221,False,target_weight,True,topn_ew,150,164,38,0,0
2016-04-29,2,topn_ew_forced,0.002319499966688454,False,target_weight,True,topn_ew,150,162,38,0,0
2016-05-31,2,topn_ew_forced,0.0022603999823331833,False,target_weight,True,topn_ew,150,160,35,0,0
2016-06-30,2,topn_ew_forced,0.002650699927471578,False,target_weight,True,topn_ew,150,155,26,0,0
2016-07-29,2,topn_ew_forced,0.002848900039680302,False,target_weight,True,topn_ew,150,156,24,0,0
2016-08-31,2,topn_ew_forced,0.0023268999066203833,False,target_weight,True,topn_ew,150,158,21,0,0
2016-09-30,2,topn_ew_forced,0.0022687999298796058,False,target_weight,True,topn_ew,150,161,30,0,0
2016-10-31,2,topn_ew_forced,0.0023367999820038676,False,target_weight,True,topn_ew,150,157,24,0,0
2016-11-30,2,topn_ew_forced,0.002552000107243657,False,target_weight,True,topn_ew,150,159,34,0,0
2016-12-30,2,topn_ew_forced,0.004184199962764978,False,target_weight,True,topn_ew,150,159,33,0,0
2017-01-26,2,topn_ew_forced,0.003953200066462159,False,target_weight,True,topn_ew,150,159,31,0,0
2017-02-28,2,topn_ew_forced,0.0026311000110581517,False,target_weight,True,topn_ew,150,158,31,0,0
2017-03-31,2,topn_ew_forced,0.0023515999782830477,False,target_weight,True,topn_ew,150,159,34,0,0
2017-04-28,2,topn_ew_forced,0.004485799930989742,False,target_weight,True,topn_ew,150,160,32,0,0
2017-05-31,2,topn_ew_forced,0.002459599985741079,False,target_weight,True,topn_ew,150,161,28,0,0
2017-06-30,2,topn_ew_forced,0.0028152000159025192,False,target_weight,True,topn_ew,150,158,24,0,0
2017-07-31,2,topn_ew_forced,0.002406999934464693,False,target_weight,True,topn_ew,150,160,27,0,0
2017-08-31,2,topn_ew_forced,0.002488899976015091,False,target_weight,True,topn_ew,150,157,22,0,0
2017-09-29,2,topn_ew_forced,0.0029889000579714775,False,target_weight,True,topn_ew,150,158,22,0,0
2017-10-31,2,topn_ew_forced,0.0026129999896511436,False,target_weight,True,topn_ew,150,158,23,0,0
2017-11-30,2,topn_ew_forced,0.002639799960888922,False,target_weight,True,topn_ew,150,164,32,0,0
2017-12-29,2,topn_ew_forced,0.002709799911826849,False,target_weight,True,topn_ew,150,165,32,0,0
2018-01-31,2,topn_ew_forced,0.003323800046928227,False,target_weight,True,topn_ew,150,169,39,0,0
2018-02-28,2,topn_ew_forced,0.0032238999847322702,False,target_weight,True,topn_ew,150,169,38,0,0
2018-03-30,2,topn_ew_forced,0.0032206999603658915,False,target_weight,True,topn_ew,150,165,34,0,0
2018-04-27,2,topn_ew_forced,0.003598799929022789,False,target_weight,True,topn_ew,150,162,33,0,0
2018-05-31,2,topn_ew_forced,0.0027052999939769506,False,target_weight,True,topn_ew,150,160,35,0,0
2018-06-29,2,topn_ew_forced,0.003333200002089143,False,target_weight,True,topn_ew,150,158,33,0,0
2018-07-31,2,topn_ew_forced,0.0026364000514149666,False,target_weight,True,topn_ew,150,155,27,0,0
2018-08-31,2,topn_ew_forced,0.0024988000513985753,False,target_weight,True,topn_ew,150,153,19,0,0
2018-09-28,2,topn_ew_forced,0.004405599902383983,False,target_weight,True,topn_ew,150,152,16,0,0
2018-10-31,2,topn_ew_forced,0.004369599977508187,False,target_weight,True,topn_ew,150,151,12,0,0
2018-11-30,2,topn_ew_forced,0.003991899895481765,False,target_weight,True,topn_ew,150,150,1,0,0
2018-12-28,2,topn_ew_forced,0.003225599997676909,False,target_weight,True,topn_ew,150,150,2,0,0
2019-01-31,2,topn_ew_forced,0.0029802999924868345,False,target_weight,True,topn_ew,150,150,0,0,0
2019-02-28,2,topn_ew_forced,0.003272100002504885,False,target_weight,True,topn_ew,150,151,1,0,0
2019-03-29,2,topn_ew_forced,0.003014200017787516,False,target_weight,True,topn_ew,150,151,2,0,0
2019-04-30,2,topn_ew_forced,0.0026367000536993146,False,target_weight,True,topn_ew,150,150,5,0,0
2019-05-31,2,topn_ew_forced,0.0025052999844774604,False,target_weight,True,topn_ew,150,153,4,0,0
2019-06-28,2,topn_ew_forced,0.0030146000208333135,False,target_weight,True,topn_ew,150,150,1,0,0
2019-07-31,2,topn_ew_forced,0.00400469999294728,False,target_weight,True,topn_ew,150,150,0,0,0
2019-08-30,2,topn_ew_forced,0.003293599933385849,False,target_weight,True,topn_ew,150,150,0,0,0
2019-09-30,2,topn_ew_forced,0.0038853000150993466,False,target_weight,True,topn_ew,150,151,3,0,0
2019-10-31,2,topn_ew_forced,0.004101900034584105,False,target_weight,True,topn_ew,150,151,3,0,0
2019-11-29,2,topn_ew_forced,0.005073399981483817,False,target_weight,True,topn_ew,150,150,1,1,0
2019-12-31,2,topn_ew_forced,0.004663600004278123,False,target_weight,True,topn_ew,150,150,0,3,0
2020-01-23,2,topn_ew_forced,0.004585199989378452,False,target_weight,True,topn_ew,150,150,0,1,3
2020-02-28,2,topn_ew_forced,0.004348200047388673,False,target_weight,True,topn_ew,150,150,0,1,5
2020-03-31,2,topn_ew_forced,0.003914000000804663,False,target_weight,True,topn_ew,150,150,1,1,0
2020-04-30,2,topn_ew_forced,0.003370600054040551,False,target_weight,True,topn_ew,150,150,4,6,0
2020-05-29,2,topn_ew_forced,0.00436340004671365,False,target_weight,True,topn_ew,150,150,2,2,0
2020-06-30,2,topn_ew_forced,0.0034782999427989125,False,target_weight,True,topn_ew,150,151,2,5,0
2020-07-31,2,topn_ew_forced,0.0027416000375524163,False,target_weight,True,topn_ew,150,150,2,3,0
2020-08-31,2,topn_ew_forced,0.003041899995878339,False,target_weight,True,topn_ew,150,150,0,3,1
2020-09-30,2,topn_ew_forced,0.0027311000740155578,False,target_weight,True,topn_ew,150,150,1,0,0
2020-10-30,2,topn_ew_forced,0.002980499994009733,False,target_weight,True,topn_ew,150,151,1,0,0
2020-11-30,2,topn_ew_forced,0.0027058999985456467,False,target_weight,True,topn_ew,150,150,1,0,0
2020-12-31,2,topn_ew_forced,0.002824899973347783,False,target_weight,True,topn_ew,150,150,1,0,0
2021-01-29,2,topn_ew_forced,0.002819000044837594,False,target_weight,True,topn_ew,150,151,2,0,2
2021-02-26,2,topn_ew_forced,0.002863599918782711,False,target_weight,True,topn_ew,150,151,0,1,0
2021-03-31,2,topn_ew_forced,0.002889700001105666,False,target_weight,True,topn_ew,150,150,2,3,1
2021-04-30,2,topn_ew_forced,0.0025560000212863088,False,target_weight,True,topn_ew,150,151,3,0,1
2021-05-31,2,topn_ew_forced,0.0026724000927060843,False,target_weight,True,topn_ew,150,151,0,1,0
2021-06-30,2,topn_ew_forced,0.0033795000053942204,False,target_weight,True,topn_ew,150,150,1,4,0
2021-07-30,2,topn_ew_forced,0.00323419994674623,False,target_weight,True,topn_ew,150,150,0,2,1
2021-08-31,2,topn_ew_forced,0.003068899968639016,False,target_weight,True,topn_ew,150,150,1,2,1
2021-09-30,2,topn_ew_forced,0.002908000024035573,False,target_weight,True,topn_ew,150,150,1,3,0
2021-10-29,2,topn_ew_forced,0.0032019000500440598,False,target_weight,True,topn_ew,150,151,0,0,0
2021-11-30,2,topn_ew_forced,0.004007200011983514,False,target_weight,True,topn_ew,150,150,1,0,0
2021-12-31,2,topn_ew_forced,0.005324100027792156,False,target_weight,True,topn_ew,150,150,1,1,0
2022-01-28,2,topn_ew_forced,0.0059195999056100845,False,target_weight,True,topn_ew,150,150,2,0,0
2022-02-28,2,topn_ew_forced,0.005110099911689758,False,target_weight,True,topn_ew,150,150,2,0,0
2022-03-31,2,topn_ew_forced,0.005469599971547723,False,target_weight,True,topn_ew,150,150,0,0,0
2022-04-29,2,topn_ew_forced,0.004298799904063344,False,target_weight,True,topn_ew,150,150,1,12,0
2022-05-31,2,topn_ew_forced,0.00406130007468164,False,target_weight,True,topn_ew,150,151,3,6,0
2022-06-30,2,topn_ew_forced,0.00469670002348721,False,target_weight,True,topn_ew,150,150,1,0,0
2022-07-29,2,topn_ew_forced,0.004186699981801212,False,target_weight,True,topn_ew,150,150,0,1,0
2022-08-31,2,topn_ew_forced,0.0038554000202566385,False,target_weight,True,topn_ew,150,150,0,1,0
2022-09-30,2,topn_ew_forced,0.0036216999869793653,False,target_weight,True,topn_ew,150,150,1,1,0
2022-10-31,2,topn_ew_forced,0.004447499988600612,False,target_weight,True,topn_ew,150,150,0,3,0
2022-11-30,2,topn_ew_forced,0.004824400064535439,False,target_weight,True,topn_ew,150,150,0,1,0
2022-12-30,2,topn_ew_forced,0.0038262000307440758,False,target_weight,True,topn_ew,150,150,2,0,0
