trade_date,策略月收益,基准月收益,月超额收益,累积超额,时期,滚动12月IR
2021-02,0.010558962595849097,0.002870373296377071,0.007666583343368671,0.007666583343368671,验证期(2021-2022),
2021-03,0.020275784836941924,-0.01719331098311494,0.03812458364272797,0.04608345228402477,验证期(2021-2022),
2021-04,0.04353889496131669,0.03762394282003623,0.005700477694457362,0.052046627670310874,验证期(2021-2022),
2021-05,0.030724849927855402,0.04015014839415665,-0.009061478749825214,0.0425135295098511,验证期(2021-2022),
2021-06,0.04098397306725721,0.017204179227754857,0.023377601395184522,0.06688499525181935,验证期(2021-2022),
2021-07,-0.005486699802613293,-0.0017283595245239924,-0.0037648472877575,0.06286833617109644,验证期(2021-2022),
2021-08,0.08624555642796539,0.07261607198832065,0.01270676880160826,0.07637395838537264,验证期(2021-2022),
2021-09,0.00229220744758174,-0.02075529323851466,0.02353599720984767,0.10170749286668346,验证期(2021-2022),
2021-10,-0.03641231711888049,-0.011390455773384489,-0.02531015555293925,0.07382310484838905,验证期(2021-2022),
2021-11,0.03836153203826087,0.03334299739538382,0.004856601008113026,0.07903823522193076,验证期(2021-2022),
2021-12,0.03007178457450954,0.014769562407757286,0.015079504484194928,0.09530959712857756,验证期(2021-2022),
2022-01,-0.09170190385149257,-0.10583364426700159,0.015804375019147887,0.11262028076366937,验证期(2021-2022),1.9655147085115277
2022-02,0.0431051738895909,0.04145229034371378,0.0015870948301737187,0.11438611465921578,验证期(2021-2022),1.8403794449305906
2022-03,-0.04943538005195669,-0.07709373263978825,0.029968755837949557,0.14778288003863915,验证期(2021-2022),1.8220583024780055
2022-04,-0.09475962617545508,-0.10960581194298835,0.016673722679985348,0.16692069347723826,验证期(2021-2022),2.010376141822235
2022-05,0.07647830312889292,0.07508438651931204,0.001296564834406988,0.1684336818129426,验证期(2021-2022),2.325518508069533
2022-06,0.062449756450404736,0.07867794629619573,-0.015044518061681833,0.15085516018303036,验证期(2021-2022),1.4681740657322204
2022-07,0.0027411287493737113,-0.0206612843723063,0.02389613802481061,0.1783561539373295,验证期(2021-2022),1.94577729908541
2022-08,-0.016028587158346763,-0.021102099488026327,0.005182882021737001,0.1844634348627745,验证期(2021-2022),1.8087730853611246
2022-09,-0.0635446499453114,-0.07151727254695617,0.008586721503710537,0.19463409250926955,验证期(2021-2022),1.603707114074455
2022-10,0.022777751169405835,0.01634194270596545,0.006332325955480389,0.2021989049805677,验证期(2021-2022),2.918223539764582
2022-11,0.05091704800456598,0.06022830139028512,-0.008782309785080433,0.19164082177374397,验证期(2021-2022),2.3514391017308283
2022-12,-0.04500640775649678,-0.04726004722409294,0.0023654297912352185,0.19445956447401969,验证期(2021-2022),2.0667422055332527
2023-01,0.06374188770694622,0.0559534680008702,0.00737572245566942,0.20326956670609975,测试期(2023-2025),1.9100840767870455
2023-02,0.021141943207549918,0.010873530499661666,0.010157959821949891,0.21549233061967543,测试期(2023-2025),2.1278464934837817
2023-03,-0.00770282297202185,-0.0026947078564329985,-0.005021646987177442,0.20938855721968186,测试期(2023-2025),1.500188798966101
2023-04,-0.010280662447238575,-0.015212197392287075,0.005007713267761726,0.21544482834355017,测试期(2023-2025),1.2537918413817422
2023-05,-0.02024400590375297,-0.026661667599456207,0.006593454179365743,0.22345880812678032,测试期(2023-2025),1.4124773769951853
2023-06,-0.0071020539813210215,-0.0013795968236898215,-0.005730362747876749,0.21644794534912903,测试期(2023-2025),1.9571735204531735
2023-07,0.01034590397195645,0.018228831513694255,-0.007741803509942913,0.20703044437616236,测试期(2023-2025),1.0685904716440116
2023-08,-0.05451502771734229,-0.05660293187344212,0.002213176430838404,0.20970181570696012,测试期(2023-2025),0.9479370877550192
2023-09,-0.00018421321540429414,-0.008247139646122892,0.008129975473770257,0.21953666179923315,测试期(2023-2025),0.9332207981623971
2023-10,-0.026181565432286003,-0.02834142807774631,0.0022228617210542367,0.222247523162169,测试期(2023-2025),0.7669277031650485
2023-11,0.007745139357378417,0.0031988732204388803,0.004531769580587097,0.22778646730758334,测试期(2023-2025),1.5636269893666181
2023-12,-0.014460324605532149,-0.020861753606480238,0.006537819377934184,0.23581351346551216,测试期(2023-2025),1.7459149825837956
2024-01,-0.10966884661664511,-0.13483800444412608,0.02909184402085252,0.2717656074381125,测试期(2023-2025),1.7583720965237177
2024-02,0.12537429423871904,0.13834706903732674,-0.011396150744762301,0.25727237486374355,测试期(2023-2025),0.9928647055021718
2024-03,-6.4886735059555e-05,-0.01130224398692703,0.011365816482867386,0.27156230194542363,测试期(2023-2025),1.4729706404822296
2024-04,0.02478441571937262,0.029686518438768017,-0.0047607719743947285,0.265508683774625,测试期(2023-2025),1.1552752866573452
2024-05,-0.0061661269182842204,-0.019072257179471364,0.013157065192261008,0.28215906402842017,测试期(2023-2025),1.2988940230427373
2024-06,-0.049015594129107165,-0.06202839752655109,0.01387334473999946,0.2999468987352014,测试期(2023-2025),1.8529859105161763
2024-07,-0.007252122954205409,-0.007139490857436481,-0.00011344201499785544,0.29979943013961874,测试期(2023-2025),2.192160516591531
2024-08,-0.045105419864912455,-0.04989326001828587,0.00503926553922307,0.30634946461582313,测试期(2023-2025),2.2901263345048655
2024-09,0.19367644169243192,0.23896318550590534,-0.036552130316109044,0.2585996087468063,测试期(2023-2025),0.6199931832044967
2024-10,0.005649815124856072,0.028419340980331276,-0.02214031275780015,0.23073381977230722,测试期(2023-2025),0.14802254817178048
2024-11,0.009216424071380125,-0.007948405487155363,0.01730235569750227,0.25202841409095345,测试期(2023-2025),0.35433075601989156
2024-12,-0.009944089079900076,-0.021071485828325742,0.01136691452678873,0.26626011405903616,测试期(2023-2025),0.4303214866615519
2025-01,-0.02517207958748191,-0.023404926570549822,-0.0018095043329744431,0.2639688108959737,测试期(2023-2025),-0.08624418438988339
2025-02,0.023899911926342776,0.048435683745487346,-0.023402267015074973,0.23438907528465935,测试期(2023-2025),-0.289139148372261
2025-03,0.016276893721945074,-0.00023270988002255244,0.01651344644410835,0.25477309317056496,测试期(2023-2025),-0.19535532520264598
2025-04,-0.03269923465771407,-0.03838513203940652,0.005912863424991643,0.26219239509983683,测试期(2023-2025),-0.014399257522042741
2025-05,0.030537653754203253,0.010013229242647803,0.020320946218640668,0.28784133887823793,测试期(2023-2025),0.1031909862024614
2025-06,0.03332913474703836,0.04963747877255109,-0.015537120534780957,0.267831992766413,测试期(2023-2025),-0.3772696097971001
2025-07,0.05018706948799845,0.05529568621956038,-0.004840933965970073,0.2616945018094865,测试期(2023-2025),-0.4542789858199095
2025-08,0.10648533571296426,0.13225038576768022,-0.022755611637303108,0.23298387172138924,测试期(2023-2025),-0.8738746829544306
2025-09,0.04182878442234772,0.053297908315868225,-0.010888774963826342,0.2195581878081878,测试期(2023-2025),-0.5454361905768377
2025-10,-0.0037327713315177258,-0.010282525562951839,0.00661780194914674,0.22762898236056262,测试期(2023-2025),-0.02333058398333526
2025-11,-0.03190890545258929,-0.040532170894488906,0.008987550369394803,0.23866235967445704,测试期(2023-2025),-0.19345389562652654
2025-12,0.06090106791192085,0.062074748129657964,-0.001105082499893717,0.23729353557750366,测试期(2023-2025),-0.46267103643251417
