source_id,industry_code,industry_name,total_effect_sum,allocation_effect_sum,selection_effect_sum,interaction_effect_sum,W_p_mean,W_b_mean,active_weight_mean,n_periods,rolling_minus_pipeline_b_total_effect
pipeline_b_frozen_replay,801010.SI,农林牧渔,-0.007007479738492189,0.0012870944787927142,-0.0029505986547010447,-0.0029397839468986164,0.03456913383585287,0.023694397400335954,0.010874736435516914,24,0.005128869810369216
pipeline_b_frozen_replay,801030.SI,基础化工,0.014312348561917692,-0.008603547864802006,0.01409269214516579,0.0022549880436977033,0.0691194288509971,0.06825718001189131,0.0008622488391057948,24,0.012212024296041672
pipeline_b_frozen_replay,801040.SI,钢铁,0.025976814559048052,0.004247994632267688,0.03448496089244196,-0.010087782909764966,0.023660364166550773,0.03339048491792253,-0.009730120751371755,24,-0.00790487330265852
pipeline_b_frozen_replay,801050.SI,有色金属,0.013520072406038601,-0.008350033166957887,0.03057765394431292,-0.011955128015899293,0.048463315848324535,0.06067096537660133,-0.012207649528276791,24,-0.004929188586077991
pipeline_b_frozen_replay,801080.SI,电子,0.022939408666586173,-0.0006386561990224101,0.017174511750383648,0.0073556830788892085,0.06850349802219456,0.06995530875208911,-0.0014518107298945454,24,-0.005567973748255201
pipeline_b_frozen_replay,801110.SI,家用电器,0.0016400526149431692,-0.0010143191030713324,0.00166323538807393,0.0013258282236508203,0.011557654144920887,0.010531111634076516,0.0010265425108443704,24,-0.0005045466562619526
pipeline_b_frozen_replay,801120.SI,食品饮料,-0.01868859779961453,-0.008996501669138441,-0.010227843476324754,0.004116159177164609,0.02841558256255215,0.03512518279826326,-0.00670960023571111,24,0.029369928119551317
pipeline_b_frozen_replay,801130.SI,纺织服饰,-0.004728095340544045,-0.00454796529787132,-0.0008164743979584763,-0.0031456990140706284,0.007491373433515101,0.005729724730813027,0.0017616487027020747,24,9.216197092590337e-05
pipeline_b_frozen_replay,801140.SI,轻工制造,0.014586023248134425,-0.0016706000515922443,0.009832008917056968,0.0008577089473936016,0.011967861601475345,0.017024231770402343,-0.005056370168926998,24,0.0069023317681439645
pipeline_b_frozen_replay,801150.SI,医药生物,-0.024871280948048184,-0.0037856872240791557,-0.019829320616576298,-0.0013168177121082535,0.11010235139613948,0.09730895062045182,0.012793400775687663,24,0.004360304840941881
pipeline_b_frozen_replay,801160.SI,公用事业,-0.0005622973232410544,-0.007720094468567943,-0.006554236301711999,0.007043638023582012,0.04478446524764255,0.0286879204019506,0.016096544845691948,24,-0.0001537671850619835
pipeline_b_frozen_replay,801170.SI,交通运输,-0.0014797542504210884,0.006162987650212058,-0.0018321500152072684,-0.005909979081720334,0.048245150220563214,0.032439176016303105,0.01580597420426011,24,0.011918219595516977
pipeline_b_frozen_replay,801180.SI,房地产,0.0072875910750562,0.0076556889524878255,0.00017443993750575757,0.006112947779018229,0.04771679135902223,0.029054089513323816,0.018662701845698414,24,-0.009092396242293138
pipeline_b_frozen_replay,801200.SI,商贸零售,0.0034214667468364327,-0.003595416671430182,0.0016217009309891252,0.003376669984405262,0.02709391157100077,0.01643460453154261,0.010659307039458159,24,-0.020930785063134852
pipeline_b_frozen_replay,801210.SI,社会服务,0.003442679278968681,0.004852854278146025,0.0009294691816698193,9.913827652301068e-05,0.007224440132759657,0.007146433192798615,7.800693996104155e-05,24,-0.002617309215665699
pipeline_b_frozen_replay,801230.SI,综合,-0.0038587329301576477,-0.0021852169238328186,-0.0038587329301576477,0.0038587329301576477,0.0,0.008108176281038226,-0.008108176281038226,19,0.0
pipeline_b_frozen_replay,801710.SI,建筑材料,0.014558188391613398,0.00022781064740467252,0.013539043135313882,-0.0041543176017215565,0.01260466478164954,0.01831758672103684,-0.005712921939387302,24,-0.007701013548024643
pipeline_b_frozen_replay,801720.SI,建筑装饰,0.0019618849529218175,-0.005338187722012974,0.00047224723011818034,0.010476181281946882,0.013230512606942468,0.01505538148266866,-0.0018248688757261915,24,0.007489879943199418
pipeline_b_frozen_replay,801730.SI,电力设备,0.010172351077883692,-0.0027769317390077277,0.03098548093039601,-0.013002894645501478,0.05497466306971549,0.06599690692717416,-0.011022243857458675,24,0.028353758899321766
pipeline_b_frozen_replay,801740.SI,国防军工,0.005978943902355754,0.0005787620606733244,-7.750058676069373e-05,0.009500775169534964,0.034810844650682043,0.04680076793211696,-0.011989923281434917,24,-0.021484102603231796
pipeline_b_frozen_replay,801750.SI,计算机,0.005136410698133655,-0.0026280301183669325,-0.001195378610697768,0.004310684768560105,0.043991533599135046,0.047518406056882144,-0.0035268724577470975,24,0.01177485805038506
pipeline_b_frozen_replay,801760.SI,传媒,-0.00612332760710788,-0.0016242762037039357,-6.247004547519112e-05,-0.0011733944775507393,0.0552712438711937,0.03216296035347858,0.02310828351771512,24,0.0046733153537592415
pipeline_b_frozen_replay,801770.SI,通信,0.009326443352873585,0.0005636239545628509,0.011429628168861545,-0.003038012325411922,0.011048480911631275,0.019782622191404257,-0.008734141279772982,24,-0.009419664581352731
pipeline_b_frozen_replay,801780.SI,银行,0.003897935783638053,0.002567346823381746,0.003897935783638053,-0.003897935783638053,0.0,0.019902181849600416,-0.019902181849600416,24,0.0
pipeline_b_frozen_replay,801790.SI,非银金融,0.012406932348807513,0.011585354551043193,-0.0019429178888345877,0.0010948412145236344,0.017539746949193198,0.047604577835805566,-0.030064830886612368,24,0.001993075250583747
pipeline_b_frozen_replay,801880.SI,汽车,-0.013230856048063542,0.0009138799519974209,-0.004285694968078419,-0.0087041148285383,0.04857435066827654,0.03262469822851451,0.015949652439762027,24,0.008287964603461739
pipeline_b_frozen_replay,801890.SI,机械设备,0.0014476634187275432,-0.006296867941283024,0.011987588133716202,-0.0030721425736904306,0.03990223024453935,0.03423347608448284,0.005668754160056508,24,0.0036298211462026274
pipeline_b_frozen_replay,801950.SI,煤炭,-0.015103338840948215,-0.013022725746849524,-0.01942382450839298,0.015422776588536871,0.01386870783133272,0.021783479081428418,-0.007914771250095697,24,0.01935675195612971
pipeline_b_frozen_replay,801960.SI,石油石化,-0.002332487542412022,0.0034605064609564327,-0.0032293054189496875,-0.0030138388449951004,0.009612622787845283,0.012774523412267293,-0.0031619006244220094,24,0.015295972467400179
pipeline_b_frozen_replay,801970.SI,环保,0.0015192299108217366,-0.0007024528234623282,0.0009857554952161591,0.0013325923751196505,0.009354290354204929,0.008653533917186684,0.0007007564370182448,24,0.005252072401078533
pipeline_b_frozen_replay,801980.SI,美容护理,0.007747589934708559,0.004076554076943985,0.001739431469727227,0.004882400419647304,0.010537812530902945,0.006653926392869242,0.003883886138033704,24,-0.0002711333694860006
pipeline_b_frozen_replay,999999.SI,未分类,-0.006309629994625871,-0.0005478674135510103,-0.0012137518623654715,-0.00045470708300380993,0.0341905491216304,0.028266236975162215,0.005924312146468186,24,-0.01186642320606733
rolling_48m_replay,801010.SI,农林牧渔,-0.0018786099281229733,0.006725458309594714,-0.005146110119637592,0.0019979062900458175,0.0353044173598915,0.023694397400335954,0.011610019959555549,24,0.005128869810369216
rolling_48m_replay,801030.SI,基础化工,0.026524372857959364,-0.011815359869321355,0.029001101913142018,0.0042419338294262775,0.07495255880890175,0.06825718001189131,0.006695378797010446,24,0.012212024296041672
rolling_48m_replay,801040.SI,钢铁,0.018071941256389532,0.0016322733973614825,0.03139970570020995,-0.011275899336983995,0.023534442903204906,0.03339048491792253,-0.009856042014717622,24,-0.00790487330265852
rolling_48m_replay,801050.SI,有色金属,0.00859088381996061,-0.009385896057901043,0.021555724503523374,-0.01003448733195967,0.04523428349083727,0.06067096537660133,-0.01543668188576406,24,-0.004929188586077991
rolling_48m_replay,801080.SI,电子,0.017371434918330972,0.002251474711890739,0.015696807502801346,0.004127213978069034,0.07208204703581766,0.06995530875208911,0.0021267382837285576,24,-0.005567973748255201
rolling_48m_replay,801110.SI,家用电器,0.0011355059586812166,-0.0031115835379120892,0.005131208678579228,-0.0025168421980079486,0.021047101650613995,0.010531111634076516,0.010515990016537479,24,-0.0005045466562619526
rolling_48m_replay,801120.SI,食品饮料,0.010681330319936788,-0.0031279011456663733,0.02397729448483135,-0.006703630558313566,0.04215321139136633,0.03512518279826326,0.007028028593103072,24,0.029369928119551317
rolling_48m_replay,801130.SI,纺织服饰,-0.004635933369618142,-0.004740869675878328,-0.0006894249346925795,-0.003416125897886663,0.006946322447654322,0.005729724730813027,0.0012165977168412953,24,9.216197092590337e-05
rolling_48m_replay,801140.SI,轻工制造,0.02148835501627839,0.0033787992268850793,0.01981536835748718,-0.006480676228314241,0.011715584145875734,0.017024231770402343,-0.005308647624526609,24,0.0069023317681439645
rolling_48m_replay,801150.SI,医药生物,-0.020510976107106303,-0.0018222072758136592,-0.023074419138351676,0.0027187260413530853,0.10437527017411223,0.09730895062045182,0.007066319553660411,24,0.004360304840941881
rolling_48m_replay,801160.SI,公用事业,-0.0007160645083030379,0.0015023638323554524,-0.012733415848042582,0.009090258786270261,0.03967238111848858,0.0286879204019506,0.01098446071653798,24,-0.0001537671850619835
rolling_48m_replay,801170.SI,交通运输,0.010438465345095889,0.0064679669125997374,8.050294856454211e-05,0.0011048108743709332,0.047132112939146875,0.032439176016303105,0.01469293692284377,24,0.011918219595516977
rolling_48m_replay,801180.SI,房地产,-0.0018048051672369374,-0.00034978405790577784,0.0008025084867485882,0.0029548951549199167,0.0417112246751399,0.029054089513323816,0.012657135161816085,24,-0.009092396242293138
rolling_48m_replay,801200.SI,商贸零售,-0.01750931831629842,0.000895275498539956,-0.012280693110117992,-0.0011933138875446262,0.020886891062794746,0.01643460453154261,0.004452286531252136,24,-0.020930785063134852
rolling_48m_replay,801210.SI,社会服务,0.0008253700633029826,0.0008222955308721929,-0.00024516092094741497,-0.0003960121526183072,0.005583491692458084,0.007146433192798615,-0.0015629415003405311,24,-0.002617309215665699
rolling_48m_replay,801230.SI,综合,-0.0038587329301576477,-0.0021852169238328186,-0.0038587329301576477,0.0038587329301576477,0.0,0.008108176281038226,-0.008108176281038226,19,0.0
rolling_48m_replay,801710.SI,建筑材料,0.006857174843588755,-0.0027193488430554695,0.0006917945917050152,0.0068793797884688195,0.016601705099131413,0.01831758672103684,-0.001715881621905429,24,-0.007701013548024643
rolling_48m_replay,801720.SI,建筑装饰,0.009451764896121236,0.0023030095913110977,0.021214003016839945,-0.006846967363317015,0.016585186880889047,0.01505538148266866,0.0015298053982203876,24,0.007489879943199418
rolling_48m_replay,801730.SI,电力设备,0.03852610997720546,0.0021103999404277684,0.0380002633063461,-0.004488234497906512,0.051373181362807475,0.06599690692717416,-0.01462372556436669,24,0.028353758899321766
rolling_48m_replay,801740.SI,国防军工,-0.015505158700876043,-0.006039205381624779,-0.006808929964024852,0.004662724658113206,0.029965802792061156,0.04680076793211696,-0.016834965140055804,24,-0.021484102603231796
rolling_48m_replay,801750.SI,计算机,0.016911268748518716,-0.0025623516274558434,0.021699539087319475,-0.004019499156528977,0.043568318084010786,0.047518406056882144,-0.003950087972871358,24,0.01177485805038506
rolling_48m_replay,801760.SI,传媒,-0.0014500122533486386,0.0007968958857838724,-0.0014458278837371408,-0.0023727899458415884,0.05251544422779855,0.03216296035347858,0.020352483874319975,24,0.0046733153537592415
rolling_48m_replay,801770.SI,通信,-9.322122847914673e-05,-0.0027313377196317634,-0.0003698013985802347,0.001519141616529295,0.009363566044946042,0.019782622191404257,-0.010419056146458215,24,-0.009419664581352731
rolling_48m_replay,801780.SI,银行,0.003897935783638053,0.002567346823381746,0.003897935783638053,-0.003897935783638053,0.0,0.019902181849600416,-0.019902181849600416,24,0.0
rolling_48m_replay,801790.SI,非银金融,0.01440000759939126,0.011630515119911339,0.01088396534175388,-0.009760554280911493,0.01739757860423449,0.047604577835805566,-0.030206999231571077,24,0.001993075250583747
rolling_48m_replay,801880.SI,汽车,-0.004942891444601803,0.0011055725277871991,-0.0049706111148168225,-0.005599698600901103,0.03751095784357329,0.03262469822851451,0.004886259615058779,24,0.008287964603461739
rolling_48m_replay,801890.SI,机械设备,0.0050774845649301705,-0.0033746350989197456,0.009570559648764026,0.0005483450512528456,0.038828784410496156,0.03423347608448284,0.004595308326013313,24,0.0036298211462026274
rolling_48m_replay,801950.SI,煤炭,0.004253413115181492,-9.428768287397154e-06,0.002255430264177319,0.0013551923843889751,0.01812464123842056,0.021783479081428418,-0.003658837843007856,24,0.01935675195612971
rolling_48m_replay,801960.SI,石油石化,0.012963484924988158,0.006241955975949471,0.008489890803249186,-0.005279305732240431,0.015489780896352919,0.012774523412267293,0.002715257484085626,24,0.015295972467400179
rolling_48m_replay,801970.SI,环保,0.00677130231190027,0.0012843607382896282,0.003848107246457861,-2.282547183650929e-05,0.008337013322625524,0.008653533917186684,-0.0003165205945611597,24,0.005252072401078533
rolling_48m_replay,801980.SI,美容护理,0.007476456565222558,0.002793123229438934,0.0017595480314555841,0.0049400835359435045,0.011124156049077958,0.006653926392869242,0.004470229656208717,24,-0.0002711333694860006
rolling_48m_replay,999999.SI,未分类,-0.018176053200693203,-0.003886703386602272,-0.008061077524607526,-0.0012336632049356044,0.03712460571137725,0.028266236975162215,0.008858368736215032,24,-0.01186642320606733
