source_id,rebalance_date,exec_date,exec_gt_rebalance,stamp_duty_rate,sell_value,buy_value,cost,turnover_one_way_equiv,cost_bps_of_pv_before,n_locked,n_no_buy,n_no_sell,n_no_price
pipeline_b_frozen_replay,2020-12-31,2021-01-04,True,0.001,0.0,0.9999691420193512,0.0010499675991203189,0.9999691420193512,10.499675991203189,0,1,0,0
pipeline_b_frozen_replay,2021-01-29,2021-02-01,True,0.001,0.34033382583793487,0.3403646430322354,0.0010550672181516138,0.6787814639757394,10.520959039594322,0,0,0,0
pipeline_b_frozen_replay,2021-02-26,2021-03-01,True,0.001,0.221959842639649,0.2219598321923806,0.0006880755012132801,0.43992347381124064,6.818813895840336,0,0,0,0
pipeline_b_frozen_replay,2021-03-31,2021-04-01,True,0.001,0.4742956496748357,0.4742961471773816,0.0014703170363696639,0.9334790210871964,14.46892237896937,0,0,0,0
pipeline_b_frozen_replay,2021-04-30,2021-05-06,True,0.001,0.6351001566612152,0.6350898065186485,0.0019687996180000724,1.2057691170738558,18.689470440691366,1,0,0,0
pipeline_b_frozen_replay,2021-05-31,2021-06-01,True,0.001,0.3668402871553787,0.36679717787681776,0.0011371596254391848,0.684825193578221,10.614991705563328,0,1,0,0
pipeline_b_frozen_replay,2021-06-30,2021-07-01,True,0.001,0.40628120071044493,0.4063339657198783,0.0012595271254622843,0.7294410301791432,11.306099146188664,0,0,0,0
pipeline_b_frozen_replay,2021-07-30,2021-08-02,True,0.001,0.3876595486666199,0.36319165790895463,0.0011760533155709733,0.6800278137848934,10.651231003938037,0,1,0,0
pipeline_b_frozen_replay,2021-08-31,2021-09-01,True,0.001,0.6528589482332633,0.6773013980388816,0.0020495273118190157,1.1322450739207324,17.445770422916393,0,0,0,0
pipeline_b_frozen_replay,2021-09-30,2021-10-08,True,0.001,0.3922191041332547,0.39221878718623626,0.0012158788900187203,0.661448362154472,10.25245094966382,0,0,0,0
pipeline_b_frozen_replay,2021-10-29,2021-11-01,True,0.001,0.5155911780017061,0.5155915203137061,0.001598333011232889,0.9056708279182469,14.03789632949779,0,0,0,0
pipeline_b_frozen_replay,2021-11-30,2021-12-01,True,0.001,0.4642113518946035,0.46420834998999727,0.0014390520388734341,0.7920784899453119,12.277229399481984,0,0,0,0
pipeline_b_frozen_replay,2021-12-31,2022-01-04,True,0.001,0.6218023024332342,0.621805325044545,0.0019275903112849024,1.0428948715073907,16.16485783448831,0,0,0,0
pipeline_b_frozen_replay,2022-01-28,2022-02-07,True,0.001,0.44365396452039624,0.44365398949398926,0.001375327316235501,0.8045522421574343,12.470559640218209,0,0,0,0
pipeline_b_frozen_replay,2022-02-28,2022-03-01,True,0.001,0.38793666110266406,0.38733971503681064,0.0012019768560491127,0.6758388119959621,10.478103492382576,0,1,0,0
pipeline_b_frozen_replay,2022-03-31,2022-04-01,True,0.001,0.4225069061064742,0.4231032416515255,0.001310397561252374,0.8079989923291162,12.521135322816175,0,0,0,0
pipeline_b_frozen_replay,2022-04-29,2022-05-05,True,0.001,0.5068427298739646,0.49213367190936064,0.0015557679517464562,1.0534246624752963,16.40563607441312,0,1,0,0
pipeline_b_frozen_replay,2022-05-31,2022-06-01,True,0.001,0.40057651913540554,0.415261445954813,0.001257206382480135,0.8025775740910509,12.367721186781408,0,0,0,1
pipeline_b_frozen_replay,2022-06-30,2022-07-01,True,0.001,0.43257837324011184,0.43257837324011195,0.0013409929570443468,0.7953279287329391,12.327582895360557,0,0,0,1
pipeline_b_frozen_replay,2022-07-29,2022-08-01,True,0.001,0.40323150621558007,0.4032315333182766,0.0012500176977261294,0.7418171741023868,11.498166073936236,0,0,0,0
pipeline_b_frozen_replay,2022-08-31,2022-09-01,True,0.001,0.6101193231492547,0.6101193400935502,0.0018913699195541997,1.1474922168378865,17.786129281316565,0,0,0,0
pipeline_b_frozen_replay,2022-09-30,2022-10-10,True,0.001,0.3816545977582755,0.3816545841129198,0.0011831292387230305,0.7684005981362664,11.910209339793994,0,0,0,0
pipeline_b_frozen_replay,2022-10-31,2022-11-01,True,0.001,0.46749317429535087,0.46749323913148466,0.0014492289083935283,0.9436223670443294,14.62614636201216,0,0,0,0
pipeline_b_frozen_replay,2022-11-30,2022-12-01,True,0.001,0.33515391569219,0.33515363893693995,0.0010389768480527765,0.6429005308244415,9.964959554976307,0,0,0,0
rolling_48m_replay,2020-12-31,2021-01-04,True,0.001,0.0,0.9840908915102445,0.0010332954360857567,0.9840908915102445,10.332954360857567,0,2,0,0
rolling_48m_replay,2021-01-29,2021-02-01,True,0.001,0.383283133664982,0.3991757885512521,0.001204865001992028,0.7587884570506418,11.684161683866616,0,0,0,0
rolling_48m_replay,2021-02-26,2021-03-01,True,0.001,0.32851401416353604,0.3285142189592683,0.0010183936589424807,0.6423999528458754,9.957198267930586,0,0,0,0
rolling_48m_replay,2021-03-31,2021-04-01,True,0.001,0.46729675544419386,0.46729687727513375,0.0014486200697994879,0.9185392980078819,14.237358520431455,0,0,0,0
rolling_48m_replay,2021-04-30,2021-05-06,True,0.001,0.6385886984130188,0.6217103521895296,0.0019619027015456945,1.1656416141284858,18.145498329935315,1,1,0,0
rolling_48m_replay,2021-05-31,2021-06-01,True,0.001,0.3029018366879742,0.3192068331495447,0.0009561159400173691,0.5642676167462345,8.672202927948158,0,1,0,0
rolling_48m_replay,2021-06-30,2021-07-01,True,0.001,0.35019133846584205,0.3507335845747238,0.0010861625076584362,0.6038825401511115,9.357843509064619,0,0,0,0
rolling_48m_replay,2021-07-30,2021-08-02,True,0.001,0.38515207668336693,0.35982829830748814,0.0011673814704237647,0.6519225265085523,10.215601687591727,0,1,0,0
rolling_48m_replay,2021-08-31,2021-09-01,True,0.001,0.6969779180814417,0.7222759087091807,0.0021871944362115954,1.1525931727686693,17.7624701593777,0,0,0,0
rolling_48m_replay,2021-09-30,2021-10-08,True,0.001,0.3601650914761728,0.3601651298878756,0.0011165118239084236,0.5856519462889915,9.077605011329538,0,0,0,0
rolling_48m_replay,2021-10-29,2021-11-01,True,0.001,0.562228614478831,0.5622286443220641,0.0017429087362197707,0.9493449047591106,14.714845897787566,0,0,0,0
rolling_48m_replay,2021-11-30,2021-12-01,True,0.001,0.509427787155903,0.5094278610996676,0.001579226217824252,0.8285594114663277,12.842670577063297,0,0,0,0
rolling_48m_replay,2021-12-31,2022-01-04,True,0.001,0.6214932607360096,0.621493235329814,0.0019266290816051246,1.0014641500835213,15.522694428642412,0,0,0,0
rolling_48m_replay,2022-01-28,2022-02-07,True,0.001,0.3900089349087535,0.39000900905128183,0.0012090277760667908,0.6859050842073336,10.631528479229267,0,0,0,0
rolling_48m_replay,2022-02-28,2022-03-01,True,0.001,0.41967627345810365,0.41899594087625613,0.0013002820985091815,0.7065668368746195,10.954651813730475,0,1,0,0
rolling_48m_replay,2022-03-31,2022-04-01,True,0.001,0.45413927431761375,0.4548184279909324,0.0014085448617415872,0.8272294356257011,12.818965811859638,0,0,0,0
rolling_48m_replay,2022-04-29,2022-05-05,True,0.001,0.6079672109218555,0.6079676916322396,0.0018846988586036554,1.2138531450967223,18.81472134956231,0,2,0,0
rolling_48m_replay,2022-05-31,2022-06-01,True,0.001,0.3650756647166328,0.3650756647166328,0.0011317345606215617,0.6797347790537147,10.535889075332578,0,0,0,1
rolling_48m_replay,2022-06-30,2022-07-01,True,0.001,0.43551373932677506,0.4120886553566884,0.0013254962537444118,0.7306655288279809,11.426282267210345,0,1,0,1
rolling_48m_replay,2022-07-29,2022-08-01,True,0.001,0.3821297287315365,0.4055278552638081,0.0012091701919266485,0.6784048198279162,10.414511367164508,0,0,0,0
rolling_48m_replay,2022-08-31,2022-09-01,True,0.001,0.6781693283742295,0.660238294490176,0.0020834973323818552,1.1673845507836054,18.172659478851784,0,0,0,1
rolling_48m_replay,2022-09-30,2022-10-10,True,0.001,0.4032539287957878,0.42115261843998064,0.0012688808033933447,0.7728311931215724,11.894988807446865,0,0,0,0
rolling_48m_replay,2022-10-31,2022-11-01,True,0.001,0.5558496445393011,0.555849691226561,0.0017231339470934561,1.0508563025908526,16.288272469497826,0,0,0,0
rolling_48m_replay,2022-11-30,2022-12-01,True,0.001,0.47940219323012356,0.4794022589286014,0.0014861468679967847,0.8640185483075223,13.39228720274845,0,0,0,0
