left,right,rebalance_date,period,n_obs,spearman_rank_corr
expanding_ridge,rolling_48m,2014-03-31,train,467,0.8919065370590348
expanding_ridge,rolling_48m,2014-04-30,train,465,0.9144366161989793
expanding_ridge,rolling_48m,2014-05-30,train,466,0.9255851713001723
expanding_ridge,rolling_48m,2014-06-30,train,470,0.913884469876609
expanding_ridge,rolling_48m,2014-07-31,train,472,0.9151894178092433
expanding_ridge,rolling_48m,2014-08-29,train,469,0.9205014678491275
expanding_ridge,rolling_48m,2014-09-30,train,465,0.9481603528479993
expanding_ridge,rolling_48m,2014-10-31,train,459,0.9363604108067255
expanding_ridge,rolling_48m,2014-11-28,train,454,0.9331430071809916
expanding_ridge,rolling_48m,2014-12-31,train,456,0.8915770743134558
expanding_ridge,rolling_48m,2015-01-30,train,460,0.848566719966861
expanding_ridge,rolling_48m,2015-02-27,train,461,0.8594736047568461
expanding_ridge,rolling_48m,2015-03-31,train,443,0.9331788412571183
expanding_ridge,rolling_48m,2015-04-30,train,448,0.9439844188722033
expanding_ridge,rolling_48m,2015-05-29,train,428,0.9287365878216566
expanding_ridge,rolling_48m,2015-06-30,train,422,0.9257957140049821
expanding_ridge,rolling_48m,2015-07-31,train,417,0.9212856174968217
expanding_ridge,rolling_48m,2015-08-31,train,417,0.9566157095005885
expanding_ridge,rolling_48m,2015-09-30,train,427,0.9629285138840834
expanding_ridge,rolling_48m,2015-10-30,train,428,0.9562006793881396
expanding_ridge,rolling_48m,2015-11-30,train,448,0.9774370735219015
expanding_ridge,rolling_48m,2015-12-31,train,453,0.9797077479906673
expanding_ridge,rolling_48m,2016-01-29,train,461,0.9754041616264353
expanding_ridge,rolling_48m,2016-02-29,train,450,0.9741820385753691
expanding_ridge,rolling_48m,2016-03-31,train,458,0.9819626709001833
expanding_ridge,rolling_48m,2016-04-29,train,458,0.9864565771530618
expanding_ridge,rolling_48m,2016-05-31,train,461,0.9818840650716782
expanding_ridge,rolling_48m,2016-06-30,train,472,0.9778694989143301
expanding_ridge,rolling_48m,2016-07-29,train,475,0.9766829604777115
expanding_ridge,rolling_48m,2016-08-31,train,477,0.9705850117549611
expanding_ridge,rolling_48m,2016-09-30,train,468,0.9705512815295267
expanding_ridge,rolling_48m,2016-10-31,train,474,0.9782947136237622
expanding_ridge,rolling_48m,2016-11-30,train,465,0.9774043202145954
expanding_ridge,rolling_48m,2016-12-30,train,465,0.9804896990592884
expanding_ridge,rolling_48m,2017-01-26,train,466,0.9777098408724145
expanding_ridge,rolling_48m,2017-02-28,train,466,0.9755826406628678
expanding_ridge,rolling_48m,2017-03-31,train,463,0.9710334151336426
expanding_ridge,rolling_48m,2017-04-28,train,465,0.9759286119828356
expanding_ridge,rolling_48m,2017-05-31,train,469,0.9731405585167681
expanding_ridge,rolling_48m,2017-06-30,train,468,0.9674454619770058
expanding_ridge,rolling_48m,2017-07-31,train,466,0.9464302612833317
expanding_ridge,rolling_48m,2017-08-31,train,472,0.9489600011980828
expanding_ridge,rolling_48m,2017-09-29,train,472,0.9504771768984941
expanding_ridge,rolling_48m,2017-10-31,train,471,0.9578066459271947
expanding_ridge,rolling_48m,2017-11-30,train,462,0.963841467553338
expanding_ridge,rolling_48m,2017-12-29,train,458,0.964500451788756
expanding_ridge,rolling_48m,2018-01-31,train,452,0.96448894065133
expanding_ridge,rolling_48m,2018-02-28,train,452,0.9628505821640606
expanding_ridge,rolling_48m,2018-03-30,train,456,0.966568045437078
expanding_ridge,rolling_48m,2018-04-27,train,457,0.9674649586305974
expanding_ridge,rolling_48m,2018-05-31,train,455,0.9669862973953813
expanding_ridge,rolling_48m,2018-06-29,train,453,0.9601981514470866
expanding_ridge,rolling_48m,2018-07-31,train,459,0.9651759913577206
expanding_ridge,rolling_48m,2018-08-31,train,467,0.9693686014974512
expanding_ridge,rolling_48m,2018-09-28,train,470,0.9702591914017923
expanding_ridge,rolling_48m,2018-10-31,train,474,0.9563601096629136
expanding_ridge,rolling_48m,2018-11-30,train,485,0.9603730590614908
expanding_ridge,rolling_48m,2018-12-28,train,480,0.9498375302924742
expanding_ridge,rolling_48m,2019-01-31,train,482,0.9566946381158598
expanding_ridge,rolling_48m,2019-02-28,train,481,0.964631167144365
expanding_ridge,rolling_48m,2019-03-29,train,480,0.9681666162831153
expanding_ridge,rolling_48m,2019-04-30,train,477,0.9708365281784604
expanding_ridge,rolling_48m,2019-05-31,train,478,0.9632922497679685
expanding_ridge,rolling_48m,2019-06-28,train,476,0.9638712000375125
expanding_ridge,rolling_48m,2019-07-31,train,478,0.9664784188346793
expanding_ridge,rolling_48m,2019-08-30,train,478,0.9608179587637505
expanding_ridge,rolling_48m,2019-09-30,train,475,0.9600882193350251
expanding_ridge,rolling_48m,2019-10-31,train,476,0.9371138214607024
expanding_ridge,rolling_48m,2019-11-29,train,477,0.9326487161132831
expanding_ridge,rolling_48m,2019-12-31,train,472,0.9274348860501136
expanding_ridge,rolling_48m,2020-01-23,train,475,0.9239454162785016
expanding_ridge,rolling_48m,2020-02-28,train,475,0.928649147945749
expanding_ridge,rolling_48m,2020-03-31,train,474,0.9189647097797712
expanding_ridge,rolling_48m,2020-04-30,train,471,0.9520000312385657
expanding_ridge,rolling_48m,2020-05-29,train,473,0.9533856565786204
expanding_ridge,rolling_48m,2020-06-30,train,472,0.9455868684266384
expanding_ridge,rolling_48m,2020-07-31,train,472,0.9413101037574395
expanding_ridge,rolling_48m,2020-08-31,train,474,0.921750209120736
expanding_ridge,rolling_48m,2020-09-30,train,473,0.8996653071266164
expanding_ridge,rolling_48m,2020-10-30,train,473,0.8985616386434532
expanding_ridge,rolling_48m,2020-11-30,train,473,0.8950331420697526
expanding_ridge,rolling_48m,2020-12-31,train,470,0.8814454661315049
expanding_ridge,rolling_48m,2021-01-29,valid,469,0.8902765242774809
expanding_ridge,rolling_48m,2021-02-26,valid,469,0.8718796197464515
expanding_ridge,rolling_48m,2021-03-31,valid,469,0.8778121033393015
expanding_ridge,rolling_48m,2021-04-30,valid,469,0.8719049512201673
expanding_ridge,rolling_48m,2021-05-31,valid,470,0.8687743426494712
expanding_ridge,rolling_48m,2021-06-30,valid,464,0.857057680691478
expanding_ridge,rolling_48m,2021-07-30,valid,467,0.8356991417803722
expanding_ridge,rolling_48m,2021-08-31,valid,465,0.8352215815134023
expanding_ridge,rolling_48m,2021-09-30,valid,465,0.8288467695920531
expanding_ridge,rolling_48m,2021-10-29,valid,466,0.8147263006085631
expanding_ridge,rolling_48m,2021-11-30,valid,465,0.8042780831318939
expanding_ridge,rolling_48m,2021-12-31,valid,458,0.8304802322510868
expanding_ridge,rolling_48m,2022-01-28,valid,457,0.8022064706016075
expanding_ridge,rolling_48m,2022-02-28,valid,457,0.8156986882731059
expanding_ridge,rolling_48m,2022-03-31,valid,459,0.8475425931764758
expanding_ridge,rolling_48m,2022-04-29,valid,458,0.8651955125990267
expanding_ridge,rolling_48m,2022-05-31,valid,456,0.8701067696165022
expanding_ridge,rolling_48m,2022-06-30,valid,453,0.886374667596107
expanding_ridge,rolling_48m,2022-07-29,valid,453,0.8757224539977265
expanding_ridge,rolling_48m,2022-08-31,valid,452,0.8427996225023676
expanding_ridge,rolling_48m,2022-09-30,valid,451,0.8533707740050228
expanding_ridge,rolling_48m,2022-10-31,valid,452,0.8048354085369221
expanding_ridge,rolling_48m,2022-11-30,valid,452,0.8106208027724646
ic_ir,expanding_ridge,2014-03-31,train,467,0.9057991403112761
ic_ir,expanding_ridge,2014-04-30,train,465,0.8956308306360746
ic_ir,expanding_ridge,2014-05-30,train,466,0.9076054005934626
ic_ir,expanding_ridge,2014-06-30,train,470,0.8981031404642932
ic_ir,expanding_ridge,2014-07-31,train,472,0.9080424891732687
ic_ir,expanding_ridge,2014-08-29,train,469,0.9202145808735286
ic_ir,expanding_ridge,2014-09-30,train,465,0.9307713405197084
ic_ir,expanding_ridge,2014-10-31,train,459,0.917638486226181
ic_ir,expanding_ridge,2014-11-28,train,454,0.9074410899949888
ic_ir,expanding_ridge,2014-12-31,train,456,0.8764797450620324
ic_ir,expanding_ridge,2015-01-30,train,460,0.8766802696179952
ic_ir,expanding_ridge,2015-02-27,train,461,0.8606625300777062
ic_ir,expanding_ridge,2015-03-31,train,443,0.9169653628385522
ic_ir,expanding_ridge,2015-04-30,train,448,0.9186548458936802
ic_ir,expanding_ridge,2015-05-29,train,428,0.9261785490551165
ic_ir,expanding_ridge,2015-06-30,train,422,0.9016270516386564
ic_ir,expanding_ridge,2015-07-31,train,417,0.8702245355728969
ic_ir,expanding_ridge,2015-08-31,train,417,0.8782879842611006
ic_ir,expanding_ridge,2015-09-30,train,427,0.9009735947851045
ic_ir,expanding_ridge,2015-10-30,train,428,0.9001312767208278
ic_ir,expanding_ridge,2015-11-30,train,448,0.9060489433213681
ic_ir,expanding_ridge,2015-12-31,train,453,0.8885315135591063
ic_ir,expanding_ridge,2016-01-29,train,461,0.8811628761233871
ic_ir,expanding_ridge,2016-02-29,train,450,0.8659277644401341
ic_ir,expanding_ridge,2016-03-31,train,458,0.911426404291057
ic_ir,expanding_ridge,2016-04-29,train,458,0.9240970149307369
ic_ir,expanding_ridge,2016-05-31,train,461,0.9151106979441826
ic_ir,expanding_ridge,2016-06-30,train,473,0.9174680008052334
ic_ir,expanding_ridge,2016-07-29,train,475,0.9041277949333241
ic_ir,expanding_ridge,2016-08-31,train,477,0.8856814336509501
ic_ir,expanding_ridge,2016-09-30,train,469,0.9052093511300394
ic_ir,expanding_ridge,2016-10-31,train,475,0.8976801284412602
ic_ir,expanding_ridge,2016-11-30,train,466,0.9065130847647798
ic_ir,expanding_ridge,2016-12-30,train,466,0.9256858726849458
ic_ir,expanding_ridge,2017-01-26,train,467,0.9191937924738129
ic_ir,expanding_ridge,2017-02-28,train,467,0.8941225845878414
ic_ir,expanding_ridge,2017-03-31,train,465,0.9074190059785187
ic_ir,expanding_ridge,2017-04-28,train,466,0.9122012203473844
ic_ir,expanding_ridge,2017-05-31,train,470,0.9240567342543349
ic_ir,expanding_ridge,2017-06-30,train,469,0.8899899932584991
ic_ir,expanding_ridge,2017-07-31,train,467,0.8643174054654899
ic_ir,expanding_ridge,2017-08-31,train,473,0.8859852808952705
ic_ir,expanding_ridge,2017-09-29,train,474,0.8834805606279857
ic_ir,expanding_ridge,2017-10-31,train,473,0.8843431609031235
ic_ir,expanding_ridge,2017-11-30,train,464,0.8864120047157187
ic_ir,expanding_ridge,2017-12-29,train,461,0.8846951819778769
ic_ir,expanding_ridge,2018-01-31,train,455,0.8668280813063272
ic_ir,expanding_ridge,2018-02-28,train,457,0.8649893958733188
ic_ir,expanding_ridge,2018-03-30,train,461,0.8947405375868509
ic_ir,expanding_ridge,2018-04-27,train,462,0.8953987800238951
ic_ir,expanding_ridge,2018-05-31,train,460,0.9029839234309776
ic_ir,expanding_ridge,2018-06-29,train,459,0.8870234205308545
ic_ir,expanding_ridge,2018-07-31,train,463,0.8785207542571926
ic_ir,expanding_ridge,2018-08-31,train,473,0.8651916048061953
ic_ir,expanding_ridge,2018-09-28,train,476,0.8677986084368564
ic_ir,expanding_ridge,2018-10-31,train,479,0.875029221663977
ic_ir,expanding_ridge,2018-11-30,train,488,0.908769616480296
ic_ir,expanding_ridge,2018-12-28,train,483,0.8923467263632504
ic_ir,expanding_ridge,2019-01-31,train,487,0.8754421806237199
ic_ir,expanding_ridge,2019-02-28,train,484,0.8686154322047605
ic_ir,expanding_ridge,2019-03-29,train,483,0.8993570678542075
ic_ir,expanding_ridge,2019-04-30,train,482,0.8998033889710291
ic_ir,expanding_ridge,2019-05-31,train,483,0.8977371807321242
ic_ir,expanding_ridge,2019-06-28,train,480,0.9093056113479795
ic_ir,expanding_ridge,2019-07-31,train,484,0.8987275421376795
ic_ir,expanding_ridge,2019-08-30,train,487,0.910367564246132
ic_ir,expanding_ridge,2019-09-30,train,482,0.9046527060569651
ic_ir,expanding_ridge,2019-10-31,train,482,0.8881202297427274
ic_ir,expanding_ridge,2019-11-29,train,481,0.8923573201292555
ic_ir,expanding_ridge,2019-12-31,train,477,0.8824372784431638
ic_ir,expanding_ridge,2020-01-23,train,480,0.8847159305475222
ic_ir,expanding_ridge,2020-02-28,train,477,0.8395657330219473
ic_ir,expanding_ridge,2020-03-31,train,477,0.8927346218694895
ic_ir,expanding_ridge,2020-04-30,train,474,0.8577869139008908
ic_ir,expanding_ridge,2020-05-29,train,476,0.8518844198111494
ic_ir,expanding_ridge,2020-06-30,train,476,0.8583452051807137
ic_ir,expanding_ridge,2020-07-31,train,475,0.8705669148532542
ic_ir,expanding_ridge,2020-08-31,train,476,0.8549888945412345
ic_ir,expanding_ridge,2020-09-30,train,476,0.8582591177299694
ic_ir,expanding_ridge,2020-10-30,train,477,0.8311760460735039
ic_ir,expanding_ridge,2020-11-30,train,477,0.8662890144561253
ic_ir,expanding_ridge,2020-12-31,train,477,0.8639208095252745
ic_ir,expanding_ridge,2021-01-29,valid,475,0.8176517558136637
ic_ir,expanding_ridge,2021-02-26,valid,473,0.8345953961561483
ic_ir,expanding_ridge,2021-03-31,valid,474,0.8667298653390638
ic_ir,expanding_ridge,2021-04-30,valid,474,0.8771266665784005
ic_ir,expanding_ridge,2021-05-31,valid,475,0.8642171636788883
ic_ir,expanding_ridge,2021-06-30,valid,470,0.8277167627018609
ic_ir,expanding_ridge,2021-07-30,valid,473,0.7968176806308319
ic_ir,expanding_ridge,2021-08-31,valid,471,0.8139040981799003
ic_ir,expanding_ridge,2021-09-30,valid,471,0.8702683953087572
ic_ir,expanding_ridge,2021-10-29,valid,472,0.8871673337976868
ic_ir,expanding_ridge,2021-11-30,valid,472,0.8974454666050601
ic_ir,expanding_ridge,2021-12-31,valid,467,0.9144011130176917
ic_ir,expanding_ridge,2022-01-28,valid,465,0.9322363706503144
ic_ir,expanding_ridge,2022-02-28,valid,463,0.9210144107711024
ic_ir,expanding_ridge,2022-03-31,valid,466,0.9246217423245329
ic_ir,expanding_ridge,2022-04-29,valid,463,0.9484590464420125
ic_ir,expanding_ridge,2022-05-31,valid,462,0.9449774487070448
ic_ir,expanding_ridge,2022-06-30,valid,463,0.94219026086056
ic_ir,expanding_ridge,2022-07-29,valid,465,0.9217501833537081
ic_ir,expanding_ridge,2022-08-31,valid,465,0.8648139779795269
ic_ir,expanding_ridge,2022-09-30,valid,466,0.8230051351547494
ic_ir,expanding_ridge,2022-10-31,valid,464,0.8242365636509087
ic_ir,expanding_ridge,2022-11-30,valid,467,0.848389986115654
ic_ir,rolling_48m,2014-03-31,train,467,0.8760297938427046
ic_ir,rolling_48m,2014-04-30,train,465,0.8510701959993573
ic_ir,rolling_48m,2014-05-30,train,466,0.8597237773688533
ic_ir,rolling_48m,2014-06-30,train,470,0.8411508435704879
ic_ir,rolling_48m,2014-07-31,train,472,0.8546520020947705
ic_ir,rolling_48m,2014-08-29,train,469,0.89144716648221
ic_ir,rolling_48m,2014-09-30,train,465,0.9014638495359464
ic_ir,rolling_48m,2014-10-31,train,459,0.8913294286613551
ic_ir,rolling_48m,2014-11-28,train,454,0.8567138378440415
ic_ir,rolling_48m,2014-12-31,train,456,0.8641115075181642
ic_ir,rolling_48m,2015-01-30,train,460,0.8712804511858804
ic_ir,rolling_48m,2015-02-27,train,461,0.8780298252480658
ic_ir,rolling_48m,2015-03-31,train,443,0.9009047296716708
ic_ir,rolling_48m,2015-04-30,train,448,0.9193354639469766
ic_ir,rolling_48m,2015-05-29,train,428,0.9093578122070398
ic_ir,rolling_48m,2015-06-30,train,422,0.8624020631743213
ic_ir,rolling_48m,2015-07-31,train,417,0.8523541002011384
ic_ir,rolling_48m,2015-08-31,train,417,0.8629209797706966
ic_ir,rolling_48m,2015-09-30,train,427,0.8794775516092757
ic_ir,rolling_48m,2015-10-30,train,428,0.8999619807130284
ic_ir,rolling_48m,2015-11-30,train,448,0.8921762182948735
ic_ir,rolling_48m,2015-12-31,train,453,0.8657362286070719
ic_ir,rolling_48m,2016-01-29,train,461,0.857025989584673
ic_ir,rolling_48m,2016-02-29,train,450,0.843971200894591
ic_ir,rolling_48m,2016-03-31,train,458,0.8992044981530928
ic_ir,rolling_48m,2016-04-29,train,458,0.9229208276978175
ic_ir,rolling_48m,2016-05-31,train,461,0.9095530432277962
ic_ir,rolling_48m,2016-06-30,train,472,0.903659671964745
ic_ir,rolling_48m,2016-07-29,train,475,0.8972123503371241
ic_ir,rolling_48m,2016-08-31,train,477,0.8337357542311137
ic_ir,rolling_48m,2016-09-30,train,468,0.8537186650837189
ic_ir,rolling_48m,2016-10-31,train,474,0.8571102843505467
ic_ir,rolling_48m,2016-11-30,train,465,0.8622413089144709
ic_ir,rolling_48m,2016-12-30,train,465,0.8931589143991201
ic_ir,rolling_48m,2017-01-26,train,466,0.8677244915825298
ic_ir,rolling_48m,2017-02-28,train,466,0.838758942573514
ic_ir,rolling_48m,2017-03-31,train,463,0.8601676723279498
ic_ir,rolling_48m,2017-04-28,train,465,0.8668088890318655
ic_ir,rolling_48m,2017-05-31,train,469,0.8866537029929761
ic_ir,rolling_48m,2017-06-30,train,468,0.8562147685473388
ic_ir,rolling_48m,2017-07-31,train,466,0.7649489430104133
ic_ir,rolling_48m,2017-08-31,train,472,0.8065737341541483
ic_ir,rolling_48m,2017-09-29,train,472,0.7878857560467851
ic_ir,rolling_48m,2017-10-31,train,471,0.8047932662741366
ic_ir,rolling_48m,2017-11-30,train,462,0.8174531502584849
ic_ir,rolling_48m,2017-12-29,train,458,0.8231172442685395
ic_ir,rolling_48m,2018-01-31,train,452,0.8009387150806179
ic_ir,rolling_48m,2018-02-28,train,452,0.7973102108594172
ic_ir,rolling_48m,2018-03-30,train,456,0.8523330270423216
ic_ir,rolling_48m,2018-04-27,train,457,0.8513298996965237
ic_ir,rolling_48m,2018-05-31,train,455,0.840953360370615
ic_ir,rolling_48m,2018-06-29,train,453,0.8121997674205161
ic_ir,rolling_48m,2018-07-31,train,459,0.8188928402020497
ic_ir,rolling_48m,2018-08-31,train,467,0.820753855534398
ic_ir,rolling_48m,2018-09-28,train,470,0.8166303054624333
ic_ir,rolling_48m,2018-10-31,train,474,0.8266681472902924
ic_ir,rolling_48m,2018-11-30,train,485,0.8661528967282599
ic_ir,rolling_48m,2018-12-28,train,480,0.8438160352931817
ic_ir,rolling_48m,2019-01-31,train,482,0.8386419807924655
ic_ir,rolling_48m,2019-02-28,train,481,0.843104904708064
ic_ir,rolling_48m,2019-03-29,train,480,0.8710518466837484
ic_ir,rolling_48m,2019-04-30,train,477,0.8630283659464429
ic_ir,rolling_48m,2019-05-31,train,478,0.8498971787355454
ic_ir,rolling_48m,2019-06-28,train,476,0.869590895739206
ic_ir,rolling_48m,2019-07-31,train,478,0.8506919056705395
ic_ir,rolling_48m,2019-08-30,train,478,0.8593113955008385
ic_ir,rolling_48m,2019-09-30,train,475,0.8643788919007636
ic_ir,rolling_48m,2019-10-31,train,476,0.8391868513224482
ic_ir,rolling_48m,2019-11-29,train,477,0.830546373188295
ic_ir,rolling_48m,2019-12-31,train,472,0.8169915881755693
ic_ir,rolling_48m,2020-01-23,train,475,0.8190507920750263
ic_ir,rolling_48m,2020-02-28,train,475,0.7876166626497287
ic_ir,rolling_48m,2020-03-31,train,474,0.8091998463160069
ic_ir,rolling_48m,2020-04-30,train,471,0.8782753153564329
ic_ir,rolling_48m,2020-05-29,train,473,0.8689281358744662
ic_ir,rolling_48m,2020-06-30,train,472,0.8775893154569416
ic_ir,rolling_48m,2020-07-31,train,472,0.8823924934227185
ic_ir,rolling_48m,2020-08-31,train,474,0.8797750437002806
ic_ir,rolling_48m,2020-09-30,train,473,0.8960043957073377
ic_ir,rolling_48m,2020-10-30,train,473,0.862739653888891
ic_ir,rolling_48m,2020-11-30,train,473,0.8661639964170349
ic_ir,rolling_48m,2020-12-31,train,470,0.8677801847757213
ic_ir,rolling_48m,2021-01-29,valid,469,0.8595373957529372
ic_ir,rolling_48m,2021-02-26,valid,469,0.8710627401885671
ic_ir,rolling_48m,2021-03-31,valid,469,0.8352997606716559
ic_ir,rolling_48m,2021-04-30,valid,469,0.8276694439033013
ic_ir,rolling_48m,2021-05-31,valid,470,0.827229840094801
ic_ir,rolling_48m,2021-06-30,valid,464,0.8145727694297885
ic_ir,rolling_48m,2021-07-30,valid,467,0.7862438430760241
ic_ir,rolling_48m,2021-08-31,valid,465,0.8349723433556839
ic_ir,rolling_48m,2021-09-30,valid,465,0.8384720815108924
ic_ir,rolling_48m,2021-10-29,valid,466,0.8165773512605419
ic_ir,rolling_48m,2021-11-30,valid,465,0.814285779928673
ic_ir,rolling_48m,2021-12-31,valid,458,0.8219558972103926
ic_ir,rolling_48m,2022-01-28,valid,457,0.7088377407559977
ic_ir,rolling_48m,2022-02-28,valid,457,0.6772332801144164
ic_ir,rolling_48m,2022-03-31,valid,459,0.712050697353855
ic_ir,rolling_48m,2022-04-29,valid,458,0.798688860489157
ic_ir,rolling_48m,2022-05-31,valid,456,0.797109630607673
ic_ir,rolling_48m,2022-06-30,valid,453,0.8121054398058506
ic_ir,rolling_48m,2022-07-29,valid,453,0.7636107500298571
ic_ir,rolling_48m,2022-08-31,valid,452,0.6112047274918663
ic_ir,rolling_48m,2022-09-30,valid,451,0.5621619136158232
ic_ir,rolling_48m,2022-10-31,valid,452,0.5059322688591777
ic_ir,rolling_48m,2022-11-30,valid,452,0.5708808607316277
