source_id,rebalance_date,period,top_n,top_in_universe_count,top_in_universe_ratio,top_benchmark_weight_sum,top_industry_nunique,top_industry_max_share,top_industry_mode,top_log_free_float_mv_median,top_log_free_float_mv_p90
ic_ir,2012-01-31,train,50,50,1.0,0.0988,13,0.28,999999.SI,21.45373789819843,22.303470556229335
ic_ir,2012-02-29,train,50,50,1.0,0.1055,14,0.32,999999.SI,21.736289645623614,22.381886069968154
ic_ir,2012-03-30,train,50,50,1.0,0.1081,16,0.28,999999.SI,21.760559116577987,22.349551067395083
ic_ir,2012-04-27,train,50,50,1.0,0.10969999999999999,15,0.28,999999.SI,21.727528406251857,22.53556379159437
ic_ir,2012-05-31,train,50,50,1.0,0.1177,15,0.26,999999.SI,21.8454237905761,22.65417585332046
ic_ir,2012-06-29,train,50,50,1.0,0.1257,15,0.3,999999.SI,21.75611294021425,22.57253117385538
ic_ir,2012-07-31,train,50,50,1.0,0.1023,13,0.46,999999.SI,21.425621935394528,22.294070635397286
ic_ir,2012-08-31,train,50,50,1.0,0.1031,13,0.32,999999.SI,21.48727533805497,22.232851192485803
ic_ir,2012-09-28,train,50,50,1.0,0.10489999999999998,12,0.42,999999.SI,21.49104479308827,22.291428216387818
ic_ir,2012-10-31,train,50,50,1.0,0.10389999999999999,13,0.34,999999.SI,21.503622100989908,22.154069692475986
ic_ir,2012-11-30,train,50,50,1.0,0.09999999999999999,15,0.38,999999.SI,21.366000308062127,22.06768107570343
ic_ir,2012-12-31,train,50,50,1.0,0.11020000000000002,13,0.32,999999.SI,21.619003493276015,22.186422187450297
ic_ir,2013-01-31,train,50,50,1.0,0.0999,13,0.34,999999.SI,21.518759364709894,22.21176285299568
ic_ir,2013-02-28,train,50,50,1.0,0.1,12,0.3,999999.SI,21.72026376729943,22.26757908438608
ic_ir,2013-03-29,train,50,50,1.0,0.0906,13,0.34,999999.SI,21.60080604119033,22.06287731207225
ic_ir,2013-04-26,train,50,50,1.0,0.08919999999999999,16,0.3,999999.SI,21.53565351454573,22.056494739530624
ic_ir,2013-05-31,train,50,50,1.0,0.0935,14,0.3,999999.SI,21.687790341523097,22.42399945445467
ic_ir,2013-06-28,train,50,50,1.0,0.09640000000000001,16,0.26,999999.SI,21.503303035486596,22.267285399618228
ic_ir,2013-07-31,train,50,50,1.0,0.09609999999999999,16,0.3,999999.SI,21.60562712639217,22.371619715105773
ic_ir,2013-08-30,train,50,50,1.0,0.1098,14,0.3,999999.SI,21.66146211163627,22.513607660634772
ic_ir,2013-09-30,train,50,50,1.0,0.09570000000000001,14,0.34,999999.SI,21.681327502872946,22.50715152097675
ic_ir,2013-10-31,train,50,50,1.0,0.09699999999999999,14,0.38,999999.SI,21.611270930083123,22.50029011137918
ic_ir,2013-11-29,train,50,50,1.0,0.0928,15,0.34,999999.SI,21.689079894635597,22.499195635782538
ic_ir,2013-12-31,train,50,50,1.0,0.0981,16,0.32,999999.SI,21.832066839056495,22.446493301762036
ic_ir,2014-01-30,train,50,50,1.0,0.10619999999999999,15,0.34,999999.SI,21.94613400360413,22.47296713129782
ic_ir,2014-02-28,train,50,50,1.0,0.1048,24,0.14,801180.SI,21.92586409134436,22.48161277123831
ic_ir,2014-03-31,train,50,50,1.0,0.10419999999999999,21,0.12,801180.SI,21.894397027217664,22.43795578571928
ic_ir,2014-04-30,train,50,50,1.0,0.0991,22,0.22,801180.SI,21.776032896038128,22.3466343464556
ic_ir,2014-05-30,train,50,50,1.0,0.0934,23,0.18,801180.SI,21.834486329942703,22.369340264849413
ic_ir,2014-06-30,train,50,50,1.0,0.10540000000000001,22,0.2,801180.SI,21.863096257463486,22.553976139790105
ic_ir,2014-07-31,train,50,50,1.0,0.1129,23,0.16,801180.SI,22.05758071602722,22.595887258043756
ic_ir,2014-08-29,train,50,50,1.0,0.1082,22,0.14,801180.SI,22.091493086868354,22.538049458838888
ic_ir,2014-09-30,train,50,50,1.0,0.10190000000000002,22,0.12,801180.SI,22.099678974131752,22.640209467155753
ic_ir,2014-10-31,train,50,50,1.0,0.1066,25,0.16,801180.SI,22.21184981668047,22.748747185403342
ic_ir,2014-11-28,train,50,50,1.0,0.09920000000000001,23,0.16,801180.SI,22.1690107714739,22.70552773401305
ic_ir,2014-12-31,train,50,50,1.0,0.09790000000000001,24,0.1,801180.SI,22.127577968125195,22.78603255474499
ic_ir,2015-01-30,train,50,50,1.0,0.10099999999999999,23,0.1,801180.SI,22.292685416961234,22.93613007109393
ic_ir,2015-02-27,train,50,50,1.0,0.09899999999999999,24,0.1,801200.SI,22.319197684937603,22.99865703983142
ic_ir,2015-03-31,train,50,50,1.0,0.09029999999999999,24,0.08,801730.SI,22.449173686884546,23.094186988743022
ic_ir,2015-04-30,train,50,50,1.0,0.1279,18,0.16,801180.SI,22.68880139311506,23.415370264231786
ic_ir,2015-05-29,train,50,50,1.0,0.11929999999999999,23,0.14,801180.SI,22.902487612201867,23.786810244293335
ic_ir,2015-06-30,train,50,50,1.0,0.10391,21,0.18,801180.SI,22.757920036783332,23.527418077463754
ic_ir,2015-07-31,train,50,50,1.0,0.09132,22,0.12,801730.SI,22.57707477795404,23.067673085506254
ic_ir,2015-08-31,train,50,50,1.0,0.09599,23,0.12,801180.SI,22.415469080929334,23.156220642864078
ic_ir,2015-09-30,train,50,50,1.0,0.09931,20,0.14,801890.SI,22.471230032475127,23.050234510055343
ic_ir,2015-10-30,train,50,50,1.0,0.09962,22,0.14,801180.SI,22.601804323215248,23.180992751107205
ic_ir,2015-11-30,train,50,50,1.0,0.09942000000000001,23,0.12,801030.SI,22.576378434693808,23.305455005002703
ic_ir,2015-12-31,train,50,50,1.0,0.10508,20,0.12,801890.SI,22.723821188488877,23.268097557402623
ic_ir,2016-01-29,train,50,50,1.0,0.09943999999999999,22,0.12,801050.SI,22.336240709552612,22.900627580589223
ic_ir,2016-02-29,train,50,50,1.0,0.09952,23,0.1,801050.SI,22.36568803168523,22.87793349080281
ic_ir,2016-03-31,train,50,50,1.0,0.10446000000000001,21,0.1,801050.SI,22.477046820432,23.09657765442909
ic_ir,2016-04-29,train,50,50,1.0,0.10014,20,0.1,801180.SI,22.529901563001445,23.06376995202272
ic_ir,2016-05-31,train,50,50,1.0,0.09774,23,0.14,801180.SI,22.547664374900737,23.055533209162892
ic_ir,2016-06-30,train,50,50,1.0,0.10465000000000002,21,0.12,801180.SI,22.64242202084361,23.098354493934725
ic_ir,2016-07-29,train,50,50,1.0,0.10852999999999999,19,0.14,801180.SI,22.60385963763236,23.13992574758836
ic_ir,2016-08-31,train,50,50,1.0,0.1097,20,0.14,801180.SI,22.64262994908681,23.235333205006885
ic_ir,2016-09-30,train,50,50,1.0,0.10091,21,0.1,801720.SI,22.505069558485992,23.10788694708289
ic_ir,2016-10-31,train,50,50,1.0,0.10452,21,0.1,801180.SI,22.582689593318616,23.171598502775684
ic_ir,2016-11-30,train,50,50,1.0,0.10310000000000001,22,0.12,801180.SI,22.6103814113686,23.164924687694686
ic_ir,2016-12-30,train,50,50,1.0,0.10210999999999999,20,0.1,801180.SI,22.632718612058575,23.02928593006694
ic_ir,2017-01-26,train,50,50,1.0,0.09582,21,0.1,801180.SI,22.62769650938568,22.960748182161716
ic_ir,2017-02-28,train,50,50,1.0,0.09889,23,0.12,801050.SI,22.658392035767527,23.070670993666692
ic_ir,2017-03-31,train,50,50,1.0,0.10205,23,0.1,801890.SI,22.6896700954266,23.04151892652539
ic_ir,2017-04-28,train,50,50,1.0,0.09895999999999999,23,0.1,801050.SI,22.61877747179972,23.08487618078008
ic_ir,2017-05-31,train,50,50,1.0,0.09290000000000001,23,0.1,801050.SI,22.488548744114148,22.996140132979825
ic_ir,2017-06-30,train,50,50,1.0,0.09684999999999999,24,0.1,801180.SI,22.564983945714197,23.04154458648476
ic_ir,2017-07-31,train,50,50,1.0,0.09155,24,0.1,801180.SI,22.500963760250272,23.106684899019882
ic_ir,2017-08-31,train,50,50,1.0,0.08781000000000001,22,0.18,801180.SI,22.580301005084053,23.135925500102086
ic_ir,2017-09-29,train,50,50,1.0,0.09848,21,0.14,801180.SI,22.595320416434753,23.327194972596388
ic_ir,2017-10-31,train,50,50,1.0,0.10097,23,0.08,801890.SI,22.560775506328596,23.307510125531714
ic_ir,2017-11-30,train,50,50,1.0,0.10841,21,0.12,801180.SI,22.471560818936823,23.45138039750825
ic_ir,2017-12-29,train,50,50,1.0,0.09192000000000002,21,0.12,801180.SI,22.49949062678172,23.2159830734337
ic_ir,2018-01-31,train,50,50,1.0,0.08634,21,0.1,801180.SI,22.36006234703789,23.266083436556027
ic_ir,2018-02-28,train,50,50,1.0,0.09480000000000001,17,0.12,801760.SI,22.359075930201776,23.32977452258849
ic_ir,2018-03-30,train,50,50,1.0,0.09555000000000001,21,0.12,801180.SI,22.378771281124983,23.334512952563575
ic_ir,2018-04-27,train,50,50,1.0,0.09060000000000001,19,0.12,801180.SI,22.366399574673146,23.305856913106055
ic_ir,2018-05-31,train,50,50,1.0,0.08260999999999999,20,0.14,801080.SI,22.257453099138445,23.0212514897963
ic_ir,2018-06-29,train,50,50,1.0,0.08378,23,0.12,801180.SI,22.281566611674222,22.96431371198312
ic_ir,2018-07-31,train,50,50,1.0,0.07835,22,0.12,801180.SI,22.229464804237615,22.8376245671022
ic_ir,2018-08-31,train,50,50,1.0,0.09356999999999999,18,0.14,801150.SI,22.193944365773376,23.100317934639378
ic_ir,2018-09-28,train,50,50,1.0,0.09645999999999999,18,0.18,801180.SI,22.21999674032385,23.088895947555436
ic_ir,2018-10-31,train,50,50,1.0,0.08516000000000001,19,0.12,801080.SI,22.035046370969667,22.696858695296168
ic_ir,2018-11-30,train,50,50,1.0,0.08728,20,0.14,801080.SI,22.070260544012168,22.781238159779335
ic_ir,2018-12-28,train,50,50,1.0,0.09573,21,0.1,801890.SI,22.160822542760815,22.90957378122805
ic_ir,2019-01-31,train,50,50,1.0,0.08503000000000001,22,0.1,801730.SI,22.12394249857109,22.88068410372885
ic_ir,2019-02-28,train,50,50,1.0,0.09158999999999999,24,0.12,801890.SI,22.364129658768057,23.154351757650833
ic_ir,2019-03-29,train,50,50,1.0,0.0856,21,0.12,801890.SI,22.48427752485711,23.189716383383384
ic_ir,2019-04-30,train,50,50,1.0,0.08474,19,0.14,801150.SI,22.43851030137779,23.131746565625377
ic_ir,2019-05-31,train,50,50,1.0,0.07842,19,0.12,801760.SI,22.270088214590245,22.867986453188085
ic_ir,2019-06-28,train,50,50,1.0,0.08136,22,0.14,801760.SI,22.363763948727843,23.08764867938461
ic_ir,2019-07-31,train,50,50,1.0,0.08288999999999999,23,0.08,801760.SI,22.273064323429058,22.914738671718197
ic_ir,2019-08-30,train,50,50,1.0,0.08869999999999999,19,0.14,801760.SI,22.42157993403176,23.166467105993295
ic_ir,2019-09-30,train,50,50,1.0,0.09065000000000001,20,0.14,801760.SI,22.45302368480673,23.057191603232297
ic_ir,2019-10-31,train,50,50,1.0,0.07917,20,0.12,801760.SI,22.39398884505032,23.032469364398608
ic_ir,2019-11-29,train,50,50,1.0,0.0851,23,0.08,801180.SI,22.431100323242074,22.98414017825854
ic_ir,2019-12-31,train,50,50,1.0,0.08467,21,0.12,801760.SI,22.52650601491814,23.09736152540625
ic_ir,2020-01-23,train,50,50,1.0,0.09799999999999999,21,0.1,801760.SI,22.588811801951724,23.464883094630608
ic_ir,2020-02-28,train,50,50,1.0,0.10801999999999999,20,0.14,801150.SI,22.67113126875433,23.646093979860233
ic_ir,2020-03-31,train,50,50,1.0,0.10011,20,0.14,801180.SI,22.526839066696144,23.482344691439714
ic_ir,2020-04-30,train,50,50,1.0,0.10436999999999999,23,0.16,801180.SI,22.695721965322328,23.53515154474788
ic_ir,2020-05-29,train,50,50,1.0,0.10106,23,0.16,801180.SI,22.59928081085119,23.4233403726004
ic_ir,2020-06-30,train,50,50,1.0,0.11100999999999998,20,0.14,801180.SI,22.66816588696279,23.584276591850724
ic_ir,2020-07-31,train,50,50,1.0,0.11077000000000001,23,0.14,801180.SI,22.82094265293985,23.84580526800669
ic_ir,2020-08-31,train,50,50,1.0,0.10122,21,0.14,801150.SI,22.94405483203215,23.777070335548807
ic_ir,2020-09-30,train,50,50,1.0,0.10681,21,0.12,801150.SI,22.937357574282032,23.64725515893196
ic_ir,2020-10-30,train,50,50,1.0,0.09220999999999999,19,0.14,801150.SI,22.767596673378627,23.59956426810741
ic_ir,2020-11-30,train,50,50,1.0,0.10572999999999999,21,0.12,801150.SI,22.883274666349287,23.764619046566033
ic_ir,2020-12-31,train,50,50,1.0,0.10316000000000002,21,0.1,801150.SI,22.796985105152782,23.90138318937688
ic_ir,2021-01-29,valid,50,50,1.0,0.11628000000000002,20,0.1,801150.SI,22.70306153110124,23.997790137820264
ic_ir,2021-02-26,valid,50,50,1.0,0.11608,21,0.14,801150.SI,22.88043327046421,23.834768923558194
ic_ir,2021-03-31,valid,50,50,1.0,0.10779,20,0.1,801150.SI,22.89698212526031,23.7529968186224
ic_ir,2021-04-30,valid,50,50,1.0,0.08569,20,0.1,801760.SI,22.798576832182043,23.549535283552395
ic_ir,2021-05-31,valid,50,50,1.0,0.1033,21,0.12,801150.SI,23.007828517806956,23.859144886527687
ic_ir,2021-06-30,valid,50,50,1.0,0.10974999999999999,21,0.1,801750.SI,23.051903906509693,23.848827887584488
ic_ir,2021-07-30,valid,50,50,1.0,0.10331,22,0.08,801080.SI,23.065437811516134,23.90362003146782
ic_ir,2021-08-31,valid,50,50,1.0,0.09457999999999998,22,0.12,801030.SI,22.934937353345568,23.981508564925132
ic_ir,2021-09-30,valid,50,50,1.0,0.09181,21,0.1,801030.SI,22.92633049550836,23.862943807225534
ic_ir,2021-10-29,valid,50,50,1.0,0.10204,24,0.1,801030.SI,23.04971459639473,24.112027861974852
ic_ir,2021-11-30,valid,50,50,1.0,0.11833999999999999,23,0.14,801030.SI,22.888829745209833,24.238399943126826
ic_ir,2021-12-31,valid,50,50,1.0,0.10366999999999998,25,0.12,801180.SI,22.9606644103224,24.101970552465772
ic_ir,2022-01-28,valid,50,50,1.0,0.11042,26,0.14,801180.SI,23.10371021662692,23.95517109397108
ic_ir,2022-02-28,valid,50,50,1.0,0.11078999999999999,22,0.12,801790.SI,23.06068289728681,23.943050157943862
ic_ir,2022-03-31,valid,50,50,1.0,0.09469000000000001,20,0.16,801150.SI,22.875888400894656,23.61575720549494
ic_ir,2022-04-29,valid,50,50,1.0,0.10505,19,0.18,801790.SI,22.710781000403635,23.746745751443694
ic_ir,2022-05-31,valid,50,50,1.0,0.09662,21,0.12,801180.SI,22.74937790440633,23.84529414594381
ic_ir,2022-06-30,valid,50,50,1.0,0.11569,22,0.12,801790.SI,23.080699778701515,24.103697155703944
ic_ir,2022-07-29,valid,50,50,1.0,0.11735999999999999,22,0.12,999999.SI,23.08751226326455,24.098959973957804
ic_ir,2022-08-31,valid,50,50,1.0,0.10373000000000002,20,0.16,801790.SI,22.891067970702665,23.87640823818647
ic_ir,2022-09-30,valid,50,50,1.0,0.11553,20,0.1,801170.SI,22.91494878062865,23.966951604843587
ic_ir,2022-10-31,valid,50,50,1.0,0.104,20,0.18,801150.SI,23.009551610697912,23.83192812967768
ic_ir,2022-11-30,valid,50,50,1.0,0.09709,21,0.12,801790.SI,23.055375995041672,23.780917258130067
ic_ir,2022-12-30,valid,50,50,1.0,0.10479000000000001,19,0.12,801790.SI,23.108189182151058,23.750733879632712
expanding_ridge,2014-03-31,train,50,50,1.0,0.1109,20,0.12,801180.SI,21.91385846077054,22.575804635272096
expanding_ridge,2014-04-30,train,50,50,1.0,0.0991,19,0.18,801180.SI,21.78981677980798,22.35501929594158
expanding_ridge,2014-05-30,train,50,50,1.0,0.106,22,0.18,801180.SI,21.83807438838851,22.54988025840728
expanding_ridge,2014-06-30,train,50,50,1.0,0.1095,23,0.16,801180.SI,21.878149225783773,22.59041602175327
expanding_ridge,2014-07-31,train,50,50,1.0,0.11359999999999999,23,0.14,801180.SI,21.985526288179283,22.606846187964766
expanding_ridge,2014-08-29,train,50,50,1.0,0.1078,21,0.1,801180.SI,22.005499143356754,22.656188688440498
expanding_ridge,2014-09-30,train,50,50,1.0,0.10990000000000001,22,0.1,801730.SI,22.118385484076878,22.710501170668152
expanding_ridge,2014-10-31,train,50,50,1.0,0.1112,22,0.14,801890.SI,22.151151938445228,22.775642608365576
expanding_ridge,2014-11-28,train,50,50,1.0,0.10790000000000001,23,0.1,801180.SI,22.209990694222533,22.70552773401305
expanding_ridge,2014-12-31,train,50,50,1.0,0.09230000000000001,22,0.14,801890.SI,22.134261961346297,22.681046033965973
expanding_ridge,2015-01-30,train,50,50,1.0,0.0931,21,0.12,801180.SI,22.24535416303199,22.881161597048344
expanding_ridge,2015-02-27,train,50,50,1.0,0.09759999999999999,21,0.1,801130.SI,22.32219089737803,22.877252161891487
expanding_ridge,2015-03-31,train,50,50,1.0,0.0977,19,0.12,801180.SI,22.449173686884546,23.13836568392556
expanding_ridge,2015-04-30,train,50,50,1.0,0.12310000000000001,19,0.14,801150.SI,22.698766727031963,23.37889460015883
expanding_ridge,2015-05-29,train,50,50,1.0,0.11209999999999999,22,0.12,801200.SI,22.876035646863578,23.65143885392989
expanding_ridge,2015-06-30,train,50,50,1.0,0.10348,24,0.14,801180.SI,22.838046118321927,23.416837713324146
expanding_ridge,2015-07-31,train,50,50,1.0,0.09862999999999998,22,0.14,801150.SI,22.64528396946745,23.251495424523053
expanding_ridge,2015-08-31,train,50,50,1.0,0.09945000000000001,18,0.16,801150.SI,22.47313552910331,23.027340632444215
expanding_ridge,2015-09-30,train,50,50,1.0,0.09893,18,0.16,801150.SI,22.456279896890535,22.928846218335178
expanding_ridge,2015-10-30,train,50,50,1.0,0.10416,23,0.16,801150.SI,22.620498854172446,23.180992751107205
expanding_ridge,2015-11-30,train,50,50,1.0,0.10201000000000002,21,0.16,801150.SI,22.642333747666317,23.23511185304607
expanding_ridge,2015-12-31,train,50,50,1.0,0.11693,17,0.12,801080.SI,22.86988822634011,23.343712709160727
expanding_ridge,2016-01-29,train,50,50,1.0,0.1059,20,0.12,801150.SI,22.417963456161875,22.923150781582496
expanding_ridge,2016-02-29,train,50,50,1.0,0.10376,21,0.1,801150.SI,22.400885394250643,22.873491468027865
expanding_ridge,2016-03-31,train,50,50,1.0,0.10626999999999999,21,0.1,801150.SI,22.50332405189135,23.071147602112465
expanding_ridge,2016-04-29,train,50,50,1.0,0.09909,19,0.08,801730.SI,22.395300404069232,23.05610411064621
expanding_ridge,2016-05-31,train,50,50,1.0,0.11069999999999999,22,0.12,801080.SI,22.42937910547436,23.209535821058825
expanding_ridge,2016-06-30,train,50,50,1.0,0.11087000000000001,22,0.12,801180.SI,22.57534128574018,23.174545745388272
expanding_ridge,2016-07-29,train,50,50,1.0,0.11124,20,0.14,801180.SI,22.60385963763236,23.26033909639004
expanding_ridge,2016-08-31,train,50,50,1.0,0.11467000000000001,20,0.12,801050.SI,22.64922004194461,23.26203707804394
expanding_ridge,2016-09-30,train,50,50,1.0,0.10257999999999999,21,0.1,801050.SI,22.57118581745162,23.100907849378665
expanding_ridge,2016-10-31,train,50,50,1.0,0.11228,19,0.12,801180.SI,22.681170420797166,23.23452176191738
expanding_ridge,2016-11-30,train,50,50,1.0,0.10046999999999999,20,0.12,801050.SI,22.57744020010214,23.131474168757176
expanding_ridge,2016-12-30,train,50,50,1.0,0.10823999999999999,21,0.12,801180.SI,22.64617606426041,23.207614801820483
expanding_ridge,2017-01-26,train,50,50,1.0,0.10253,22,0.1,801030.SI,22.65718740438396,23.128677508370593
expanding_ridge,2017-02-28,train,50,50,1.0,0.09793,22,0.12,801180.SI,22.65193093507214,23.12234351513906
expanding_ridge,2017-03-31,train,50,50,1.0,0.09951,24,0.1,801890.SI,22.648039363156563,23.094832627080752
expanding_ridge,2017-04-28,train,50,50,1.0,0.10455,24,0.1,801170.SI,22.592261680646338,23.234390345320318
expanding_ridge,2017-05-31,train,50,50,1.0,0.09922,21,0.14,801890.SI,22.46348627928606,23.23406048323926
expanding_ridge,2017-06-30,train,50,50,1.0,0.09899,24,0.1,801030.SI,22.535004866721962,22.961408073224074
expanding_ridge,2017-07-31,train,50,50,1.0,0.10350999999999999,20,0.14,801030.SI,22.632000681333157,23.273796508316593
expanding_ridge,2017-08-31,train,50,50,1.0,0.10705,21,0.12,801180.SI,22.70929575102189,23.29982424081398
expanding_ridge,2017-09-29,train,50,50,1.0,0.09598000000000001,22,0.12,801180.SI,22.571894852235083,23.269384395425526
expanding_ridge,2017-10-31,train,50,50,1.0,0.1051,21,0.08,801890.SI,22.740838321950328,23.42662954412797
expanding_ridge,2017-11-30,train,50,50,1.0,0.10882999999999998,20,0.12,801080.SI,22.613642342894465,23.446483127508507
expanding_ridge,2017-12-29,train,50,50,1.0,0.0973,19,0.12,801150.SI,22.524164475886963,23.24437646438751
expanding_ridge,2018-01-31,train,50,50,1.0,0.09686,22,0.1,801030.SI,22.406020556518932,23.351620285915093
expanding_ridge,2018-02-28,train,50,50,1.0,0.10463,18,0.12,801750.SI,22.443286712900814,23.328605030212135
expanding_ridge,2018-03-30,train,50,50,1.0,0.09863000000000001,19,0.1,801750.SI,22.436469908483666,23.303978467058535
expanding_ridge,2018-04-27,train,50,50,1.0,0.09717,22,0.12,801180.SI,22.50770816512862,23.199618422846136
expanding_ridge,2018-05-31,train,50,50,1.0,0.08415,20,0.12,801750.SI,22.436621357048978,23.071602759027158
expanding_ridge,2018-06-29,train,50,50,1.0,0.09534999999999999,19,0.16,801080.SI,22.345571957665776,23.101702351941054
expanding_ridge,2018-07-31,train,50,50,1.0,0.09789,19,0.12,801080.SI,22.399720785265778,23.127584925910437
expanding_ridge,2018-08-31,train,50,50,1.0,0.09115,17,0.12,801180.SI,22.271061397909566,22.970394432203385
expanding_ridge,2018-09-28,train,50,50,1.0,0.08887999999999999,18,0.16,801180.SI,22.201197457370775,22.932912755571664
expanding_ridge,2018-10-31,train,50,50,1.0,0.09165000000000001,21,0.18,801080.SI,22.06760262025761,22.82283171893628
expanding_ridge,2018-11-30,train,50,50,1.0,0.09699999999999999,23,0.16,801080.SI,22.14299391422538,22.929834936454764
expanding_ridge,2018-12-28,train,50,50,1.0,0.09397999999999998,20,0.12,801180.SI,22.2444686658246,22.90394103921731
expanding_ridge,2019-01-31,train,50,50,1.0,0.08798,19,0.14,801730.SI,22.200655204375714,22.710451801256237
expanding_ridge,2019-02-28,train,50,50,1.0,0.10049,19,0.12,801730.SI,22.48351822460475,23.210640927268596
expanding_ridge,2019-03-29,train,50,50,1.0,0.09502000000000001,19,0.12,801080.SI,22.53690770542733,23.249836197133135
expanding_ridge,2019-04-30,train,50,50,1.0,0.08791,21,0.14,801150.SI,22.43227480440635,23.083674594424966
expanding_ridge,2019-05-31,train,50,50,1.0,0.09147999999999999,18,0.12,801760.SI,22.38260298975561,23.15705001287917
expanding_ridge,2019-06-28,train,50,50,1.0,0.09456,19,0.14,801760.SI,22.44346526132867,23.125233376735913
expanding_ridge,2019-07-31,train,50,50,1.0,0.09348,19,0.16,801760.SI,22.476519672306782,23.073730244809244
expanding_ridge,2019-08-30,train,50,50,1.0,0.09376,20,0.14,801760.SI,22.431662864335955,23.088395237426827
expanding_ridge,2019-09-30,train,50,50,1.0,0.09435,18,0.14,801080.SI,22.46949234114136,23.120974826893757
expanding_ridge,2019-10-31,train,50,50,1.0,0.09906000000000001,19,0.14,801150.SI,22.51990456272111,23.05644385967864
expanding_ridge,2019-11-29,train,50,50,1.0,0.09771,18,0.16,801080.SI,22.503339898901757,23.16629746340129
expanding_ridge,2019-12-31,train,50,50,1.0,0.0963,21,0.12,801760.SI,22.58525402530274,23.22546841825619
expanding_ridge,2020-01-23,train,50,50,1.0,0.09387000000000001,19,0.14,801760.SI,22.56263719562265,23.29352129054083
expanding_ridge,2020-02-28,train,50,50,1.0,0.10377999999999998,19,0.28,801150.SI,22.656720630162845,23.47526353134532
expanding_ridge,2020-03-31,train,50,50,1.0,0.11746,18,0.24,801150.SI,22.743229537701556,23.578450271144074
expanding_ridge,2020-04-30,train,50,50,1.0,0.11180999999999999,17,0.16,801150.SI,22.733478258945954,23.494493904399526
expanding_ridge,2020-05-29,train,50,50,1.0,0.11005,19,0.16,801180.SI,22.636641923188748,23.565493010433347
expanding_ridge,2020-06-30,train,50,50,1.0,0.11530000000000001,18,0.14,801180.SI,22.725126496744714,23.64566420700151
expanding_ridge,2020-07-31,train,50,50,1.0,0.12500999999999998,20,0.1,801180.SI,22.979914095925317,23.960754443157526
expanding_ridge,2020-08-31,train,50,50,1.0,0.12340999999999999,19,0.12,801760.SI,23.069545875270794,23.90668345004131
expanding_ridge,2020-09-30,train,50,50,1.0,0.11413000000000001,18,0.12,801150.SI,22.99016723357225,23.64725515893196
expanding_ridge,2020-10-30,train,50,50,1.0,0.10494,17,0.12,801150.SI,22.827589152705016,23.722928350389594
expanding_ridge,2020-11-30,train,50,50,1.0,0.10798999999999999,19,0.12,801760.SI,22.955534473667292,23.761592757831753
expanding_ridge,2020-12-31,train,50,50,1.0,0.10931,23,0.14,801150.SI,22.986219663199368,23.86427128387823
expanding_ridge,2021-01-29,valid,50,50,1.0,0.11404,23,0.12,801150.SI,22.866205531738704,23.97956323791797
expanding_ridge,2021-02-26,valid,50,50,1.0,0.11846,20,0.12,801150.SI,23.097415308521718,23.870220561727063
expanding_ridge,2021-03-31,valid,50,50,1.0,0.10613,21,0.1,801150.SI,22.803704142721948,23.855944997338796
expanding_ridge,2021-04-30,valid,50,50,1.0,0.09888999999999999,23,0.1,801160.SI,22.851176273587768,23.549535283552395
expanding_ridge,2021-05-31,valid,50,50,1.0,0.10939,22,0.16,801150.SI,23.09650946212896,23.71306440226477
expanding_ridge,2021-06-30,valid,50,50,1.0,0.10926,20,0.14,801760.SI,23.025283220612025,23.796038050888562
expanding_ridge,2021-07-30,valid,50,50,1.0,0.11400000000000002,21,0.1,801080.SI,22.940264008093568,23.926564165570234
expanding_ridge,2021-08-31,valid,50,50,1.0,0.10250000000000001,19,0.14,801030.SI,23.016321695151305,23.85062019095319
expanding_ridge,2021-09-30,valid,50,50,1.0,0.08745,24,0.12,801760.SI,22.95400211021635,23.73311120434385
expanding_ridge,2021-10-29,valid,50,50,1.0,0.12312000000000002,23,0.1,801030.SI,23.104306256121102,24.229784369552213
expanding_ridge,2021-11-30,valid,50,50,1.0,0.10954,22,0.14,801760.SI,23.003324638633945,24.152374952126163
expanding_ridge,2021-12-31,valid,50,50,1.0,0.11095000000000001,24,0.14,801180.SI,23.139386815462867,24.12340277720729
expanding_ridge,2022-01-28,valid,50,50,1.0,0.11044000000000001,24,0.12,801180.SI,23.068247141613096,23.89244722751583
expanding_ridge,2022-02-28,valid,50,50,1.0,0.11356999999999999,22,0.12,801150.SI,23.164631086471434,23.92486430499149
expanding_ridge,2022-03-31,valid,50,50,1.0,0.09847000000000002,19,0.22,801150.SI,23.027180606730504,23.621506190467134
expanding_ridge,2022-04-29,valid,50,50,1.0,0.10684,20,0.14,801170.SI,22.72854375921615,23.837561309141588
expanding_ridge,2022-05-31,valid,50,50,1.0,0.10350000000000001,21,0.12,801180.SI,22.750718992790503,23.85249505406644
expanding_ridge,2022-06-30,valid,50,50,1.0,0.11693,23,0.16,801150.SI,23.187485365859782,24.072891414544817
expanding_ridge,2022-07-29,valid,50,50,1.0,0.10003999999999999,23,0.14,801150.SI,22.926687358336892,24.013008532583836
expanding_ridge,2022-08-31,valid,50,50,1.0,0.10192000000000001,24,0.1,999999.SI,22.879075891874738,23.902774887783
expanding_ridge,2022-09-30,valid,50,50,1.0,0.11682,21,0.16,801150.SI,23.079500696086672,23.93811064878713
expanding_ridge,2022-10-31,valid,50,50,1.0,0.12395999999999999,22,0.22,801150.SI,23.170847345597156,23.886992141758718
expanding_ridge,2022-11-30,valid,50,50,1.0,0.10399,21,0.2,801150.SI,23.086412834473393,23.86759979539614
rolling_48m,2014-03-31,train,50,50,1.0,0.11030000000000001,21,0.12,801180.SI,21.94083038072658,22.663882456573845
rolling_48m,2014-04-30,train,50,50,1.0,0.1088,22,0.16,801180.SI,21.83342480637116,22.71799385376528
rolling_48m,2014-05-30,train,50,50,1.0,0.11080000000000002,21,0.14,801180.SI,21.84140075428563,22.756886091793703
rolling_48m,2014-06-30,train,50,50,1.0,0.1105,17,0.14,801180.SI,21.878149225783773,22.553976139790105
rolling_48m,2014-07-31,train,50,50,1.0,0.1122,19,0.12,801180.SI,21.985526288179283,22.606846187964766
rolling_48m,2014-08-29,train,50,50,1.0,0.1124,20,0.08,801750.SI,22.09852291673366,22.647449855161017
rolling_48m,2014-09-30,train,50,50,1.0,0.114,22,0.1,801730.SI,22.155478367897295,22.720300611491613
rolling_48m,2014-10-31,train,50,50,1.0,0.11009999999999999,20,0.16,801180.SI,22.175463375921513,22.775642608365576
rolling_48m,2014-11-28,train,50,50,1.0,0.1022,21,0.1,801890.SI,22.213122466204815,22.730322994424235
rolling_48m,2014-12-31,train,50,50,1.0,0.10140000000000002,22,0.14,801890.SI,22.206265193600927,22.789188852291876
rolling_48m,2015-01-30,train,50,50,1.0,0.09860000000000001,21,0.12,801180.SI,22.288000181467794,22.936139195083268
rolling_48m,2015-02-27,train,50,50,1.0,0.09759999999999999,21,0.14,801180.SI,22.32982168008614,22.897370074697616
rolling_48m,2015-03-31,train,50,50,1.0,0.108,23,0.1,801180.SI,22.573777876935353,23.19126853454065
rolling_48m,2015-04-30,train,50,50,1.0,0.1235,21,0.12,801150.SI,22.706962980089646,23.400241999092216
rolling_48m,2015-05-29,train,50,50,1.0,0.11139999999999999,22,0.1,801200.SI,22.902487612201867,23.560711823532625
rolling_48m,2015-06-30,train,50,50,1.0,0.10277000000000001,24,0.12,801180.SI,22.83284054053968,23.392668751131705
rolling_48m,2015-07-31,train,50,50,1.0,0.09574999999999999,22,0.12,801730.SI,22.615264593993974,23.153907092474366
rolling_48m,2015-08-31,train,50,50,1.0,0.10545,23,0.16,801180.SI,22.607047411303945,23.10248283104985
rolling_48m,2015-09-30,train,50,50,1.0,0.10651,20,0.1,801010.SI,22.546315655128648,23.07328824134514
rolling_48m,2015-10-30,train,50,50,1.0,0.10802999999999999,24,0.14,801180.SI,22.63847640735462,23.213089116209826
rolling_48m,2015-11-30,train,50,50,1.0,0.10665000000000001,20,0.14,801150.SI,22.707341627196136,23.294223668545133
rolling_48m,2015-12-31,train,50,50,1.0,0.11388000000000001,18,0.16,801180.SI,22.82357183292959,23.342301499505997
rolling_48m,2016-01-29,train,50,50,1.0,0.10795999999999999,22,0.1,801890.SI,22.454933578325072,22.965982840060448
rolling_48m,2016-02-29,train,50,50,1.0,0.10995,22,0.12,801050.SI,22.396467793245783,22.962498389505026
rolling_48m,2016-03-31,train,50,50,1.0,0.1032,20,0.1,801030.SI,22.50332405189135,23.03828443346114
rolling_48m,2016-04-29,train,50,50,1.0,0.10198,19,0.1,801080.SI,22.48224266523425,23.05610411064621
rolling_48m,2016-05-31,train,50,50,1.0,0.11254,20,0.14,801080.SI,22.44516696596759,23.17150539358433
rolling_48m,2016-06-30,train,50,50,1.0,0.11302000000000001,20,0.1,801180.SI,22.57534128574018,23.174545745388272
rolling_48m,2016-07-29,train,50,50,1.0,0.11331,20,0.14,801180.SI,22.699522269915064,23.27120647770104
rolling_48m,2016-08-31,train,50,50,1.0,0.11071,21,0.14,801050.SI,22.635374981340345,23.23388493579346
rolling_48m,2016-09-30,train,50,50,1.0,0.10252,20,0.12,801050.SI,22.59983343622781,23.100907849378665
rolling_48m,2016-10-31,train,50,50,1.0,0.10607,17,0.12,801050.SI,22.595636675680648,23.225192809402685
rolling_48m,2016-11-30,train,50,50,1.0,0.10451999999999999,19,0.1,801050.SI,22.66410782739436,23.17103271905414
rolling_48m,2016-12-30,train,50,50,1.0,0.10739,21,0.1,801180.SI,22.628477958426277,23.207614801820483
rolling_48m,2017-01-26,train,50,50,1.0,0.10427,21,0.1,801030.SI,22.64830998205428,23.190196172536087
rolling_48m,2017-02-28,train,50,50,1.0,0.10195,22,0.12,801180.SI,22.658392035767527,23.183350524488574
rolling_48m,2017-03-31,train,50,50,1.0,0.09908,23,0.12,801050.SI,22.681494367377333,23.060703089511602
rolling_48m,2017-04-28,train,50,50,1.0,0.09716999999999999,24,0.12,801170.SI,22.58882398329588,23.13324734791492
rolling_48m,2017-05-31,train,50,50,1.0,0.09291999999999999,19,0.14,801890.SI,22.415911455014623,22.981311687005554
rolling_48m,2017-06-30,train,50,50,1.0,0.10220000000000001,22,0.1,801890.SI,22.551827211336615,23.18106923491883
rolling_48m,2017-07-31,train,50,50,1.0,0.10054,21,0.12,801030.SI,22.608620274398746,23.028173647191604
rolling_48m,2017-08-31,train,50,50,1.0,0.10563,21,0.14,801180.SI,22.732231808876215,23.271311741242414
rolling_48m,2017-09-29,train,50,50,1.0,0.09970000000000001,21,0.12,801730.SI,22.62810542872529,23.269384395425526
rolling_48m,2017-10-31,train,50,50,1.0,0.0992,21,0.08,801760.SI,22.685986496992,23.25304966585159
rolling_48m,2017-11-30,train,50,50,1.0,0.10991999999999999,19,0.12,801080.SI,22.648501726597157,23.38079347718438
rolling_48m,2017-12-29,train,50,50,1.0,0.10559,21,0.12,801150.SI,22.774395245901914,23.395132438259303
rolling_48m,2018-01-31,train,50,50,1.0,0.10281,20,0.14,801150.SI,22.566931492846862,23.352833714326305
rolling_48m,2018-02-28,train,50,50,1.0,0.10200000000000001,18,0.14,801150.SI,22.49855891726427,23.32702953433737
rolling_48m,2018-03-30,train,50,50,1.0,0.09849000000000001,20,0.1,801080.SI,22.462744610311674,23.322400087115323
rolling_48m,2018-04-27,train,50,50,1.0,0.10098000000000001,21,0.16,801180.SI,22.526419785332365,23.25428191963141
rolling_48m,2018-05-31,train,50,50,1.0,0.09246,21,0.14,801080.SI,22.516798928841947,23.14841310158548
rolling_48m,2018-06-29,train,50,50,1.0,0.093,22,0.12,801150.SI,22.39676762326609,23.024213309330793
rolling_48m,2018-07-31,train,50,50,1.0,0.09228,19,0.12,801080.SI,22.359750012752087,23.01743587961268
rolling_48m,2018-08-31,train,50,50,1.0,0.09603,18,0.12,801180.SI,22.334070967847104,22.963264386178178
rolling_48m,2018-09-28,train,50,50,1.0,0.08188999999999998,19,0.16,801180.SI,22.148430569850973,22.72294646671671
rolling_48m,2018-10-31,train,50,50,1.0,0.08399000000000001,20,0.18,801080.SI,22.059348915760598,22.658988539580545
rolling_48m,2018-11-30,train,50,50,1.0,0.08424999999999999,21,0.18,801080.SI,22.084908522086124,22.713029408917595
rolling_48m,2018-12-28,train,50,50,1.0,0.09354,20,0.12,801080.SI,22.13527720352463,22.937243060633378
rolling_48m,2019-01-31,train,50,50,1.0,0.08813,22,0.14,801080.SI,22.192387862312692,22.742146885170932
rolling_48m,2019-02-28,train,50,50,1.0,0.09485999999999999,20,0.12,801730.SI,22.383687658114436,23.04802107278964
rolling_48m,2019-03-29,train,50,50,1.0,0.09251,20,0.12,801080.SI,22.498779575723805,23.21837693930001
rolling_48m,2019-04-30,train,50,50,1.0,0.08983,18,0.16,801150.SI,22.43227480440635,23.175851226848362
rolling_48m,2019-05-31,train,50,50,1.0,0.09552000000000001,21,0.16,801150.SI,22.424523376960664,23.18066672225087
rolling_48m,2019-06-28,train,50,50,1.0,0.09566000000000001,22,0.14,801080.SI,22.464081238836823,23.113808080786836
rolling_48m,2019-07-31,train,50,50,1.0,0.0869,23,0.14,801150.SI,22.380682830927352,23.069829614066755
rolling_48m,2019-08-30,train,50,50,1.0,0.09554,21,0.14,801080.SI,22.410711502314335,23.218321126329702
rolling_48m,2019-09-30,train,50,50,1.0,0.09721,18,0.14,801080.SI,22.52104011728167,23.120974826893757
rolling_48m,2019-10-31,train,50,50,1.0,0.09517,18,0.14,801150.SI,22.471921035253732,23.140681453057493
rolling_48m,2019-11-29,train,50,50,1.0,0.10667,19,0.16,801080.SI,22.528129421402053,23.23413712690594
rolling_48m,2019-12-31,train,50,50,1.0,0.09405000000000002,22,0.12,801760.SI,22.59017965350941,23.22546841825619
rolling_48m,2020-01-23,train,50,50,1.0,0.09754,19,0.14,801760.SI,22.564813864251185,23.333009908065527
rolling_48m,2020-02-28,train,50,50,1.0,0.11766,16,0.2,801150.SI,22.80846018944097,23.704654016306897
rolling_48m,2020-03-31,train,50,50,1.0,0.12437999999999999,18,0.22,801150.SI,22.79434756564617,23.736827677014492
rolling_48m,2020-04-30,train,50,50,1.0,0.11123000000000001,18,0.16,801150.SI,22.733478258945954,23.536042994677807
rolling_48m,2020-05-29,train,50,50,1.0,0.10730999999999999,21,0.14,801760.SI,22.636641923188748,23.49642604457417
rolling_48m,2020-06-30,train,50,50,1.0,0.11195999999999999,21,0.12,801150.SI,22.865288229560647,23.56405448598328
rolling_48m,2020-07-31,train,50,50,1.0,0.12498999999999999,19,0.12,801150.SI,23.160217147193862,23.92640062502512
rolling_48m,2020-08-31,train,50,50,1.0,0.11825,18,0.16,801150.SI,23.015936457271966,23.893048547687332
rolling_48m,2020-09-30,train,50,50,1.0,0.12174999999999998,18,0.16,801150.SI,22.998954472697704,23.811776189565453
rolling_48m,2020-10-30,train,50,50,1.0,0.11030999999999999,21,0.14,801150.SI,22.976661271239934,23.71919762470183
rolling_48m,2020-11-30,train,50,50,1.0,0.12246,20,0.1,801150.SI,23.077628753512776,23.764619046566033
rolling_48m,2020-12-31,train,50,50,1.0,0.11868000000000001,23,0.12,801120.SI,23.087859881377703,23.90138318937688
rolling_48m,2021-01-29,valid,50,50,1.0,0.12303,21,0.08,801760.SI,23.07938130905184,23.980945861905244
rolling_48m,2021-02-26,valid,50,50,1.0,0.1268,20,0.12,801030.SI,23.122220758800005,23.924263645518163
rolling_48m,2021-03-31,valid,50,50,1.0,0.11806,24,0.1,801150.SI,23.147190819538285,23.878992584889495
rolling_48m,2021-04-30,valid,50,50,1.0,0.11854999999999999,20,0.14,801150.SI,23.046372435435046,23.794002512523885
rolling_48m,2021-05-31,valid,50,50,1.0,0.11462,20,0.12,801760.SI,23.190715529682233,23.873168892900505
rolling_48m,2021-06-30,valid,50,50,1.0,0.1156,20,0.14,801150.SI,23.106678312109448,23.869976693441206
rolling_48m,2021-07-30,valid,50,50,1.0,0.1098,23,0.1,801760.SI,23.009848965864954,23.90362003146782
rolling_48m,2021-08-31,valid,50,50,1.0,0.13456,21,0.12,801030.SI,23.251129508689026,24.13395804143994
rolling_48m,2021-09-30,valid,50,50,1.0,0.12266000000000002,23,0.12,801030.SI,23.08791566762087,24.01105912587564
rolling_48m,2021-10-29,valid,50,50,1.0,0.12668,24,0.1,801030.SI,23.118212939413922,24.13762868608945
rolling_48m,2021-11-30,valid,50,50,1.0,0.12547000000000003,23,0.14,801030.SI,23.388656053660984,24.152374952126163
rolling_48m,2021-12-31,valid,50,50,1.0,0.12251000000000001,24,0.1,801730.SI,23.353851655384325,24.09093398334796
rolling_48m,2022-01-28,valid,50,50,1.0,0.10607000000000001,24,0.08,801180.SI,23.129343298401874,23.883738191094732
rolling_48m,2022-02-28,valid,50,50,1.0,0.11419999999999998,23,0.14,801150.SI,23.10629468298274,23.97321922303605
rolling_48m,2022-03-31,valid,50,50,1.0,0.10984000000000001,21,0.18,801150.SI,23.056541665214134,23.783819888145228
rolling_48m,2022-04-29,valid,50,50,1.0,0.12009,23,0.12,801150.SI,22.937170807882605,23.872349806053318
rolling_48m,2022-05-31,valid,50,50,1.0,0.11853,22,0.12,801180.SI,22.95952372788143,23.983433167341865
rolling_48m,2022-06-30,valid,50,50,1.0,0.12446,21,0.22,801150.SI,23.144358298697203,24.163629710179013
rolling_48m,2022-07-29,valid,50,50,1.0,0.11371,22,0.14,801150.SI,22.998888091210574,24.090793056290867
rolling_48m,2022-08-31,valid,50,50,1.0,0.1198,23,0.16,801150.SI,23.06630830012383,23.980509850508675
rolling_48m,2022-09-30,valid,50,50,1.0,0.11797000000000002,23,0.16,801150.SI,23.147383086124066,23.774132964524167
rolling_48m,2022-10-31,valid,50,50,1.0,0.11441000000000001,24,0.2,801150.SI,23.170847345597156,23.886992141758718
rolling_48m,2022-11-30,valid,50,50,1.0,0.10389000000000001,22,0.18,801150.SI,23.12222274384527,23.803208780345276
