run_id,comparison,metric,old_value,new_value,diff
rebuild_01,current_rebuild_vs_existing_pipeline_b,annualized_return,-0.005032655283286336,-0.005032655281199783,2.0865531524805192e-12
rebuild_01,current_rebuild_vs_existing_pipeline_b,annualized_vol,0.17090127127827837,0.17090127127806023,-2.1813106876322763e-13
rebuild_01,current_rebuild_vs_existing_pipeline_b,benchmark_return,-0.03495231761835815,-0.03495231761835815,0.0
rebuild_01,current_rebuild_vs_existing_pipeline_b,calmar_ratio,-0.017237020644121862,-0.017237020636981355,7.140506935732205e-12
rebuild_01,current_rebuild_vs_existing_pipeline_b,excess_max_drawdown,-0.07960109095627842,-0.07960109095500449,1.2739254096061359e-12
rebuild_01,current_rebuild_vs_existing_pipeline_b,excess_return,0.029919662335071817,0.02991966233715837,2.0865531524805192e-12
rebuild_01,current_rebuild_vs_existing_pipeline_b,information_ratio,0.5026766304881476,0.5026766305225774,3.4429792350465505e-11
rebuild_01,current_rebuild_vs_existing_pipeline_b,max_drawdown,-0.29196781666572774,-0.29196781666562593,1.0180745135812685e-13
rebuild_01,current_rebuild_vs_existing_pipeline_b,monthly_win_rate,0.4782608695652174,0.4782608695652174,0.0
rebuild_01,current_rebuild_vs_existing_pipeline_b,sharpe,-0.060820629303900926,-0.0608206292919042,1.1996723059404246e-11
rebuild_01,current_rebuild_vs_existing_pipeline_b,tracking_error,0.059520694857083244,0.05952069485715737,7.412820357544092e-14
rebuild_02,current_rebuild_vs_existing_pipeline_b,annualized_return,-0.005032655283286336,-0.005032655281199783,2.0865531524805192e-12
rebuild_02,current_rebuild_vs_existing_pipeline_b,annualized_vol,0.17090127127827837,0.17090127127806023,-2.1813106876322763e-13
rebuild_02,current_rebuild_vs_existing_pipeline_b,benchmark_return,-0.03495231761835815,-0.03495231761835815,0.0
rebuild_02,current_rebuild_vs_existing_pipeline_b,calmar_ratio,-0.017237020644121862,-0.017237020636981355,7.140506935732205e-12
rebuild_02,current_rebuild_vs_existing_pipeline_b,excess_max_drawdown,-0.07960109095627842,-0.07960109095500449,1.2739254096061359e-12
rebuild_02,current_rebuild_vs_existing_pipeline_b,excess_return,0.029919662335071817,0.02991966233715837,2.0865531524805192e-12
rebuild_02,current_rebuild_vs_existing_pipeline_b,information_ratio,0.5026766304881476,0.5026766305225774,3.4429792350465505e-11
rebuild_02,current_rebuild_vs_existing_pipeline_b,max_drawdown,-0.29196781666572774,-0.29196781666562593,1.0180745135812685e-13
rebuild_02,current_rebuild_vs_existing_pipeline_b,monthly_win_rate,0.4782608695652174,0.4782608695652174,0.0
rebuild_02,current_rebuild_vs_existing_pipeline_b,sharpe,-0.060820629303900926,-0.0608206292919042,1.1996723059404246e-11
rebuild_02,current_rebuild_vs_existing_pipeline_b,tracking_error,0.059520694857083244,0.05952069485715737,7.412820357544092e-14
rebuild_03,current_rebuild_vs_existing_pipeline_b,annualized_return,-0.005032655283286336,-0.005032655281199783,2.0865531524805192e-12
rebuild_03,current_rebuild_vs_existing_pipeline_b,annualized_vol,0.17090127127827837,0.17090127127806023,-2.1813106876322763e-13
rebuild_03,current_rebuild_vs_existing_pipeline_b,benchmark_return,-0.03495231761835815,-0.03495231761835815,0.0
rebuild_03,current_rebuild_vs_existing_pipeline_b,calmar_ratio,-0.017237020644121862,-0.017237020636981355,7.140506935732205e-12
rebuild_03,current_rebuild_vs_existing_pipeline_b,excess_max_drawdown,-0.07960109095627842,-0.07960109095500449,1.2739254096061359e-12
rebuild_03,current_rebuild_vs_existing_pipeline_b,excess_return,0.029919662335071817,0.02991966233715837,2.0865531524805192e-12
rebuild_03,current_rebuild_vs_existing_pipeline_b,information_ratio,0.5026766304881476,0.5026766305225774,3.4429792350465505e-11
rebuild_03,current_rebuild_vs_existing_pipeline_b,max_drawdown,-0.29196781666572774,-0.29196781666562593,1.0180745135812685e-13
rebuild_03,current_rebuild_vs_existing_pipeline_b,monthly_win_rate,0.4782608695652174,0.4782608695652174,0.0
rebuild_03,current_rebuild_vs_existing_pipeline_b,sharpe,-0.060820629303900926,-0.0608206292919042,1.1996723059404246e-11
rebuild_03,current_rebuild_vs_existing_pipeline_b,tracking_error,0.059520694857083244,0.05952069485715737,7.412820357544092e-14
rebuild_02,rebuild_02_vs_rebuild_01,annualized_return,-0.005032655281199783,-0.005032655281199783,0.0
rebuild_02,rebuild_02_vs_rebuild_01,annualized_vol,0.17090127127806023,0.17090127127806023,0.0
rebuild_02,rebuild_02_vs_rebuild_01,benchmark_return,-0.03495231761835815,-0.03495231761835815,0.0
rebuild_02,rebuild_02_vs_rebuild_01,calmar_ratio,-0.017237020636981355,-0.017237020636981355,0.0
rebuild_02,rebuild_02_vs_rebuild_01,excess_max_drawdown,-0.07960109095500449,-0.07960109095500449,0.0
rebuild_02,rebuild_02_vs_rebuild_01,excess_return,0.02991966233715837,0.02991966233715837,0.0
rebuild_02,rebuild_02_vs_rebuild_01,information_ratio,0.5026766305225774,0.5026766305225774,0.0
rebuild_02,rebuild_02_vs_rebuild_01,max_drawdown,-0.29196781666562593,-0.29196781666562593,0.0
rebuild_02,rebuild_02_vs_rebuild_01,monthly_win_rate,0.4782608695652174,0.4782608695652174,0.0
rebuild_02,rebuild_02_vs_rebuild_01,sharpe,-0.0608206292919042,-0.0608206292919042,0.0
rebuild_02,rebuild_02_vs_rebuild_01,tracking_error,0.05952069485715737,0.05952069485715737,0.0
rebuild_03,rebuild_03_vs_rebuild_01,annualized_return,-0.005032655281199783,-0.005032655281199783,0.0
rebuild_03,rebuild_03_vs_rebuild_01,annualized_vol,0.17090127127806023,0.17090127127806023,0.0
rebuild_03,rebuild_03_vs_rebuild_01,benchmark_return,-0.03495231761835815,-0.03495231761835815,0.0
rebuild_03,rebuild_03_vs_rebuild_01,calmar_ratio,-0.017237020636981355,-0.017237020636981355,0.0
rebuild_03,rebuild_03_vs_rebuild_01,excess_max_drawdown,-0.07960109095500449,-0.07960109095500449,0.0
rebuild_03,rebuild_03_vs_rebuild_01,excess_return,0.02991966233715837,0.02991966233715837,0.0
rebuild_03,rebuild_03_vs_rebuild_01,information_ratio,0.5026766305225774,0.5026766305225774,0.0
rebuild_03,rebuild_03_vs_rebuild_01,max_drawdown,-0.29196781666562593,-0.29196781666562593,0.0
rebuild_03,rebuild_03_vs_rebuild_01,monthly_win_rate,0.4782608695652174,0.4782608695652174,0.0
rebuild_03,rebuild_03_vs_rebuild_01,sharpe,-0.0608206292919042,-0.0608206292919042,0.0
rebuild_03,rebuild_03_vs_rebuild_01,tracking_error,0.05952069485715737,0.05952069485715737,0.0
