trade_date,source_id,comparison,strategy_diff,benchmark_diff,excess_nav_diff
2021-01-04,pipeline_b_lam0050,rebuilt_expanding_current_optimizer_vs_existing_nav,-0.001236360236519296,0.0,-0.001236360236519296
2021-01-05,pipeline_b_lam0050,rebuilt_expanding_current_optimizer_vs_existing_nav,-0.004039996089837183,0.0,-0.00400481781782136
2021-01-06,pipeline_b_lam0050,rebuilt_expanding_current_optimizer_vs_existing_nav,-0.004212207369321597,0.0,-0.004182942077460838
2021-01-07,pipeline_b_lam0050,rebuilt_expanding_current_optimizer_vs_existing_nav,-0.005853272372395413,0.0,-0.005803738512961787
2021-01-08,pipeline_b_lam0050,rebuilt_expanding_current_optimizer_vs_existing_nav,-0.005930959438406047,0.0,-0.005863298504105163
2021-01-11,pipeline_b_lam0050,rebuilt_expanding_current_optimizer_vs_existing_nav,-0.005179852727543621,0.0,-0.005201829082963072
2021-01-12,pipeline_b_lam0050,rebuilt_expanding_current_optimizer_vs_existing_nav,-0.0048469148773526705,0.0,-0.004802142470916926
2021-01-13,pipeline_b_lam0050,rebuilt_expanding_current_optimizer_vs_existing_nav,-0.0038239419848724587,0.0,-0.0038156275543477225
2021-01-14,pipeline_b_lam0050,rebuilt_expanding_current_optimizer_vs_existing_nav,-0.004358853273618735,0.0,-0.004387891191095505
2021-01-15,pipeline_b_lam0050,rebuilt_expanding_current_optimizer_vs_existing_nav,-0.0016214048793411484,0.0,-0.0016378995406469699
2021-01-18,pipeline_b_lam0050,rebuilt_expanding_current_optimizer_vs_existing_nav,0.0005481117471721753,0.0,0.000545446465508137
2021-01-19,pipeline_b_lam0050,rebuilt_expanding_current_optimizer_vs_existing_nav,0.0026941203430370653,0.0,0.0026967881729538234
2021-01-20,pipeline_b_lam0050,rebuilt_expanding_current_optimizer_vs_existing_nav,0.0011728041692926627,0.0,0.001163233311775702
2021-01-21,pipeline_b_lam0050,rebuilt_expanding_current_optimizer_vs_existing_nav,-0.0010503546089510873,0.0,-0.0010280848811288212
2021-01-22,pipeline_b_lam0050,rebuilt_expanding_current_optimizer_vs_existing_nav,-0.001136193656295692,0.0,-0.0011095390323856424
2021-01-25,pipeline_b_lam0050,rebuilt_expanding_current_optimizer_vs_existing_nav,-0.0001683483285725984,0.0,-0.00016421319446568994
2021-01-26,pipeline_b_lam0050,rebuilt_expanding_current_optimizer_vs_existing_nav,0.0009507606108889455,0.0,0.0009433564994929533
2021-01-27,pipeline_b_lam0050,rebuilt_expanding_current_optimizer_vs_existing_nav,0.0013849297591073118,0.0,0.0013690731173989779
2021-01-28,pipeline_b_lam0050,rebuilt_expanding_current_optimizer_vs_existing_nav,0.0018069690610595934,0.0,0.0018260416972795124
2021-01-29,pipeline_b_lam0050,rebuilt_expanding_current_optimizer_vs_existing_nav,0.003656693324058713,0.0,0.003735027633790855
2021-02-01,pipeline_b_lam0050,rebuilt_expanding_current_optimizer_vs_existing_nav,0.006692515583363479,0.0,0.00678547928110107
2021-02-02,pipeline_b_lam0050,rebuilt_expanding_current_optimizer_vs_existing_nav,0.004496001920880843,0.0,0.0045150172483110484
2021-02-03,pipeline_b_lam0050,rebuilt_expanding_current_optimizer_vs_existing_nav,0.006767296702673065,0.0,0.0068548087715543105
2021-02-04,pipeline_b_lam0050,rebuilt_expanding_current_optimizer_vs_existing_nav,0.006471046529847535,0.0,0.006627789354552105
2021-02-05,pipeline_b_lam0050,rebuilt_expanding_current_optimizer_vs_existing_nav,0.00634705505354638,0.0,0.006593429874229839
2021-02-08,pipeline_b_lam0050,rebuilt_expanding_current_optimizer_vs_existing_nav,0.004714085611440044,0.0,0.004832566883929967
2021-02-09,pipeline_b_lam0050,rebuilt_expanding_current_optimizer_vs_existing_nav,0.004833890228749693,0.0,0.004852007301632266
2021-02-10,pipeline_b_lam0050,rebuilt_expanding_current_optimizer_vs_existing_nav,0.0020819676955801114,0.0,0.0020682220713155175
2021-02-18,pipeline_b_lam0050,rebuilt_expanding_current_optimizer_vs_existing_nav,0.003491504121042821,0.0,0.0034215852072949637
2021-02-19,pipeline_b_lam0050,rebuilt_expanding_current_optimizer_vs_existing_nav,0.007301819155539624,0.0,0.007060660783016148
2021-02-22,pipeline_b_lam0050,rebuilt_expanding_current_optimizer_vs_existing_nav,0.008438081320151447,0.0,0.00821629882158681
2021-02-23,pipeline_b_lam0050,rebuilt_expanding_current_optimizer_vs_existing_nav,0.006594546348367647,0.0,0.0064462278938224316
2021-02-24,pipeline_b_lam0050,rebuilt_expanding_current_optimizer_vs_existing_nav,0.0065173014088932835,0.0,0.006463356672730347
2021-02-25,pipeline_b_lam0050,rebuilt_expanding_current_optimizer_vs_existing_nav,0.006350669099768558,0.0,0.006333991360877533
2021-02-26,pipeline_b_lam0050,rebuilt_expanding_current_optimizer_vs_existing_nav,0.005486510542300538,0.0,0.0055880038523674624
2021-03-01,pipeline_b_lam0050,rebuilt_expanding_current_optimizer_vs_existing_nav,0.006239860289708021,0.0,0.00623375006275273
2021-03-02,pipeline_b_lam0050,rebuilt_expanding_current_optimizer_vs_existing_nav,0.00733761988442394,0.0,0.007393230201873102
2021-03-03,pipeline_b_lam0050,rebuilt_expanding_current_optimizer_vs_existing_nav,0.006214678453279721,0.0,0.006174039848050317
2021-03-04,pipeline_b_lam0050,rebuilt_expanding_current_optimizer_vs_existing_nav,0.007314403074844433,0.0,0.007405244164078173
2021-03-05,pipeline_b_lam0050,rebuilt_expanding_current_optimizer_vs_existing_nav,0.008529426129929574,0.0,0.008633328049154843
2021-03-08,pipeline_b_lam0050,rebuilt_expanding_current_optimizer_vs_existing_nav,0.011570226298582398,0.0,0.011986208938697951
2021-03-09,pipeline_b_lam0050,rebuilt_expanding_current_optimizer_vs_existing_nav,0.009147910274943438,0.0,0.009707062093687657
2021-03-10,pipeline_b_lam0050,rebuilt_expanding_current_optimizer_vs_existing_nav,0.010252964632429196,0.0,0.010961762258320018
2021-03-11,pipeline_b_lam0050,rebuilt_expanding_current_optimizer_vs_existing_nav,0.008904919124158361,0.0,0.009288286711778504
2021-03-12,pipeline_b_lam0050,rebuilt_expanding_current_optimizer_vs_existing_nav,0.008141667436915023,0.0,0.008480509574388284
2021-03-15,pipeline_b_lam0050,rebuilt_expanding_current_optimizer_vs_existing_nav,0.010636110205925364,0.0,0.011165812411374043
2021-03-16,pipeline_b_lam0050,rebuilt_expanding_current_optimizer_vs_existing_nav,0.009580556380129224,0.0,0.010022993666672475
2021-03-17,pipeline_b_lam0050,rebuilt_expanding_current_optimizer_vs_existing_nav,0.008488928586259936,0.0,0.008837992321129695
2021-03-18,pipeline_b_lam0050,rebuilt_expanding_current_optimizer_vs_existing_nav,0.009285483718183496,0.0,0.009592573791600056
2021-03-19,pipeline_b_lam0050,rebuilt_expanding_current_optimizer_vs_existing_nav,0.008216603165001946,0.0,0.00858032086743421
2021-03-22,pipeline_b_lam0050,rebuilt_expanding_current_optimizer_vs_existing_nav,0.009399217314410624,0.0,0.009661044274514197
2021-03-23,pipeline_b_lam0050,rebuilt_expanding_current_optimizer_vs_existing_nav,0.011850620796477918,0.0,0.012350201510867631
2021-03-24,pipeline_b_lam0050,rebuilt_expanding_current_optimizer_vs_existing_nav,0.012168418620312371,0.0,0.012839585577913093
2021-03-25,pipeline_b_lam0050,rebuilt_expanding_current_optimizer_vs_existing_nav,0.012882608186655542,0.0,0.013560354838041855
2021-03-26,pipeline_b_lam0050,rebuilt_expanding_current_optimizer_vs_existing_nav,0.012398201293063682,0.0,0.012853433334002906
2021-03-29,pipeline_b_lam0050,rebuilt_expanding_current_optimizer_vs_existing_nav,0.013716919636961533,0.0,0.014213413666292807
2021-03-30,pipeline_b_lam0050,rebuilt_expanding_current_optimizer_vs_existing_nav,0.013090783663070704,0.0,0.013509718710967622
2021-03-31,pipeline_b_lam0050,rebuilt_expanding_current_optimizer_vs_existing_nav,0.016070498948174805,0.0,0.016654121774559716
2021-04-01,pipeline_b_lam0050,rebuilt_expanding_current_optimizer_vs_existing_nav,0.017571158109090046,0.0,0.018043116823182048
2021-04-02,pipeline_b_lam0050,rebuilt_expanding_current_optimizer_vs_existing_nav,0.01588367371992616,0.0,0.016271787244392932
2021-04-06,pipeline_b_lam0050,rebuilt_expanding_current_optimizer_vs_existing_nav,0.014896836287474624,0.0,0.015221162601106508
2021-04-07,pipeline_b_lam0050,rebuilt_expanding_current_optimizer_vs_existing_nav,0.015587301471530424,0.0,0.01591416611222196
2021-04-08,pipeline_b_lam0050,rebuilt_expanding_current_optimizer_vs_existing_nav,0.01825446908467132,0.0,0.018609997341674678
2021-04-09,pipeline_b_lam0050,rebuilt_expanding_current_optimizer_vs_existing_nav,0.01636575685189845,0.0,0.016741157880054924
2021-04-12,pipeline_b_lam0050,rebuilt_expanding_current_optimizer_vs_existing_nav,0.018791537734638597,0.0,0.019558540878532593
2021-04-13,pipeline_b_lam0050,rebuilt_expanding_current_optimizer_vs_existing_nav,0.020877908897036113,0.0,0.021788292492206818
2021-04-14,pipeline_b_lam0050,rebuilt_expanding_current_optimizer_vs_existing_nav,0.022187210983654282,0.0,0.022905535743826366
2021-04-15,pipeline_b_lam0050,rebuilt_expanding_current_optimizer_vs_existing_nav,0.02129566907235092,0.0,0.021987757260236496
2021-04-16,pipeline_b_lam0050,rebuilt_expanding_current_optimizer_vs_existing_nav,0.020533798310767848,0.0,0.020989715089787753
2021-04-19,pipeline_b_lam0050,rebuilt_expanding_current_optimizer_vs_existing_nav,0.020474003664722185,0.0,0.0206495454455895
2021-04-20,pipeline_b_lam0050,rebuilt_expanding_current_optimizer_vs_existing_nav,0.018970425654176726,0.0,0.019122999308742283
2021-04-21,pipeline_b_lam0050,rebuilt_expanding_current_optimizer_vs_existing_nav,0.018752411980452077,0.0,0.018926572978029244
2021-04-22,pipeline_b_lam0050,rebuilt_expanding_current_optimizer_vs_existing_nav,0.022019710508218493,0.0,0.02213725735915051
2021-04-23,pipeline_b_lam0050,rebuilt_expanding_current_optimizer_vs_existing_nav,0.02234356367533774,0.0,0.022402497617878048
2021-04-26,pipeline_b_lam0050,rebuilt_expanding_current_optimizer_vs_existing_nav,0.023126459009318978,0.0,0.023259837695198682
2021-04-27,pipeline_b_lam0050,rebuilt_expanding_current_optimizer_vs_existing_nav,0.02417177845671792,0.0,0.024297185339529737
2021-04-28,pipeline_b_lam0050,rebuilt_expanding_current_optimizer_vs_existing_nav,0.02665556261271096,0.0,0.02661270933183335
2021-04-29,pipeline_b_lam0050,rebuilt_expanding_current_optimizer_vs_existing_nav,0.029007964054964974,0.0,0.028950874787157632
2021-04-30,pipeline_b_lam0050,rebuilt_expanding_current_optimizer_vs_existing_nav,0.028059410466063417,0.0,0.02802405218004589
2021-05-06,pipeline_b_lam0050,rebuilt_expanding_current_optimizer_vs_existing_nav,0.02988940851667854,0.0,0.029834995667535003
2021-05-07,pipeline_b_lam0050,rebuilt_expanding_current_optimizer_vs_existing_nav,0.03075568252440397,0.0,0.030913127009057906
2021-05-10,pipeline_b_lam0050,rebuilt_expanding_current_optimizer_vs_existing_nav,0.025403109306338933,0.0,0.025405883196447876
2021-05-11,pipeline_b_lam0050,rebuilt_expanding_current_optimizer_vs_existing_nav,0.02390172553673997,0.0,0.023975603129736234
2021-05-12,pipeline_b_lam0050,rebuilt_expanding_current_optimizer_vs_existing_nav,0.021211855755859155,0.0,0.02109014412592347
2021-05-13,pipeline_b_lam0050,rebuilt_expanding_current_optimizer_vs_existing_nav,0.021167192005647317,0.0,0.021280141010094233
2021-05-14,pipeline_b_lam0050,rebuilt_expanding_current_optimizer_vs_existing_nav,0.019040434905149395,0.0,0.018885947377252688
2021-05-17,pipeline_b_lam0050,rebuilt_expanding_current_optimizer_vs_existing_nav,0.018399676802669296,0.0,0.018105069673472363
2021-05-18,pipeline_b_lam0050,rebuilt_expanding_current_optimizer_vs_existing_nav,0.02090024383800082,0.0,0.02049603089484786
2021-05-19,pipeline_b_lam0050,rebuilt_expanding_current_optimizer_vs_existing_nav,0.023200396905554532,0.0,0.022801026108781652
2021-05-20,pipeline_b_lam0050,rebuilt_expanding_current_optimizer_vs_existing_nav,0.02326381536926836,0.0,0.022980867439029717
2021-05-21,pipeline_b_lam0050,rebuilt_expanding_current_optimizer_vs_existing_nav,0.02301720211303171,0.0,0.022803007369950112
2021-05-24,pipeline_b_lam0050,rebuilt_expanding_current_optimizer_vs_existing_nav,0.023193316343917303,0.0,0.022917093872807603
2021-05-25,pipeline_b_lam0050,rebuilt_expanding_current_optimizer_vs_existing_nav,0.022992636609992845,0.0,0.022459343619015693
2021-05-26,pipeline_b_lam0050,rebuilt_expanding_current_optimizer_vs_existing_nav,0.022970177612227083,0.0,0.022403694175708422
2021-05-27,pipeline_b_lam0050,rebuilt_expanding_current_optimizer_vs_existing_nav,0.024133133560898523,0.0,0.023333072399636334
2021-05-28,pipeline_b_lam0050,rebuilt_expanding_current_optimizer_vs_existing_nav,0.023372145660330856,0.0,0.022650405025665732
2021-05-31,pipeline_b_lam0050,rebuilt_expanding_current_optimizer_vs_existing_nav,0.018424911786901754,0.0,0.01769138251333735
2021-06-01,pipeline_b_lam0050,rebuilt_expanding_current_optimizer_vs_existing_nav,0.0168177976332593,0.0,0.016117698648153267
2021-06-02,pipeline_b_lam0050,rebuilt_expanding_current_optimizer_vs_existing_nav,0.01625171725196628,0.0,0.01570727109863501
2021-06-03,pipeline_b_lam0050,rebuilt_expanding_current_optimizer_vs_existing_nav,0.017674552511923958,0.0,0.017112816059605462
2021-06-04,pipeline_b_lam0050,rebuilt_expanding_current_optimizer_vs_existing_nav,0.017039693890943175,0.0,0.016431307130206907
2021-06-07,pipeline_b_lam0050,rebuilt_expanding_current_optimizer_vs_existing_nav,0.017514267024461905,0.0,0.016816883175478914
2021-06-08,pipeline_b_lam0050,rebuilt_expanding_current_optimizer_vs_existing_nav,0.017285563507338342,0.0,0.016685315357222175
2021-06-09,pipeline_b_lam0050,rebuilt_expanding_current_optimizer_vs_existing_nav,0.01817818465178722,0.0,0.017521041450209385
2021-06-10,pipeline_b_lam0050,rebuilt_expanding_current_optimizer_vs_existing_nav,0.015506914000453786,0.0,0.014782919322663401
2021-06-11,pipeline_b_lam0050,rebuilt_expanding_current_optimizer_vs_existing_nav,0.013197906918367641,0.0,0.012653232905400547
2021-06-15,pipeline_b_lam0050,rebuilt_expanding_current_optimizer_vs_existing_nav,0.01420251294006647,0.0,0.013742926101569797
2021-06-16,pipeline_b_lam0050,rebuilt_expanding_current_optimizer_vs_existing_nav,0.01607793133771862,0.0,0.015787656867319866
2021-06-17,pipeline_b_lam0050,rebuilt_expanding_current_optimizer_vs_existing_nav,0.01886714970261205,0.0,0.018376844063411335
2021-06-18,pipeline_b_lam0050,rebuilt_expanding_current_optimizer_vs_existing_nav,0.017703046744684148,0.0,0.017118746909742022
2021-06-21,pipeline_b_lam0050,rebuilt_expanding_current_optimizer_vs_existing_nav,0.014159742877892345,0.0,0.013590172256414235
2021-06-22,pipeline_b_lam0050,rebuilt_expanding_current_optimizer_vs_existing_nav,0.014520069337035979,0.0,0.01386417853623123
2021-06-23,pipeline_b_lam0050,rebuilt_expanding_current_optimizer_vs_existing_nav,0.014544611110027361,0.0,0.01378160347099211
2021-06-24,pipeline_b_lam0050,rebuilt_expanding_current_optimizer_vs_existing_nav,0.018765272091544105,0.0,0.01787007580960176
2021-06-25,pipeline_b_lam0050,rebuilt_expanding_current_optimizer_vs_existing_nav,0.01914004221127863,0.0,0.018062486820126678
2021-06-28,pipeline_b_lam0050,rebuilt_expanding_current_optimizer_vs_existing_nav,0.01843502588235113,0.0,0.017354339026219634
2021-06-29,pipeline_b_lam0050,rebuilt_expanding_current_optimizer_vs_existing_nav,0.01883568434163352,0.0,0.017895549516173004
2021-06-30,pipeline_b_lam0050,rebuilt_expanding_current_optimizer_vs_existing_nav,0.016633646257201873,0.0,0.015701302502312275
2021-07-01,pipeline_b_lam0050,rebuilt_expanding_current_optimizer_vs_existing_nav,0.015663718116820213,0.0,0.01498668513403878
2021-07-02,pipeline_b_lam0050,rebuilt_expanding_current_optimizer_vs_existing_nav,0.01566793828535129,0.0,0.01512216027032931
2021-07-05,pipeline_b_lam0050,rebuilt_expanding_current_optimizer_vs_existing_nav,0.013596801233432432,0.0,0.013014156548895928
2021-07-06,pipeline_b_lam0050,rebuilt_expanding_current_optimizer_vs_existing_nav,0.013265849491094883,0.0,0.01269788577849873
2021-07-07,pipeline_b_lam0050,rebuilt_expanding_current_optimizer_vs_existing_nav,0.015643950285784802,0.0,0.014844889296062425
2021-07-08,pipeline_b_lam0050,rebuilt_expanding_current_optimizer_vs_existing_nav,0.015490187836699976,0.0,0.014726243274490791
2021-07-09,pipeline_b_lam0050,rebuilt_expanding_current_optimizer_vs_existing_nav,0.015662152593846734,0.0,0.014763110359739207
2021-07-12,pipeline_b_lam0050,rebuilt_expanding_current_optimizer_vs_existing_nav,0.016544678079214892,0.0,0.015367886919343876
2021-07-13,pipeline_b_lam0050,rebuilt_expanding_current_optimizer_vs_existing_nav,0.017669904533870184,0.0,0.01627464444837723
2021-07-14,pipeline_b_lam0050,rebuilt_expanding_current_optimizer_vs_existing_nav,0.018064518866614643,0.0,0.01678456593219968
2021-07-15,pipeline_b_lam0050,rebuilt_expanding_current_optimizer_vs_existing_nav,0.019439885375756694,0.0,0.017972360231659712
2021-07-16,pipeline_b_lam0050,rebuilt_expanding_current_optimizer_vs_existing_nav,0.018895966844208134,0.0,0.017478801375774067
2021-07-19,pipeline_b_lam0050,rebuilt_expanding_current_optimizer_vs_existing_nav,0.020275580010773453,0.0,0.01885040315349218
2021-07-20,pipeline_b_lam0050,rebuilt_expanding_current_optimizer_vs_existing_nav,0.019253526909630114,0.0,0.017867003635461787
2021-07-21,pipeline_b_lam0050,rebuilt_expanding_current_optimizer_vs_existing_nav,0.02004990190496625,0.0,0.018383324472052154
2021-07-22,pipeline_b_lam0050,rebuilt_expanding_current_optimizer_vs_existing_nav,0.018733575199797237,0.0,0.01707319744423108
2021-07-23,pipeline_b_lam0050,rebuilt_expanding_current_optimizer_vs_existing_nav,0.018766607194191653,0.0,0.01719510792516643
2021-07-26,pipeline_b_lam0050,rebuilt_expanding_current_optimizer_vs_existing_nav,0.01927015939364507,0.0,0.017958666478097296
2021-07-27,pipeline_b_lam0050,rebuilt_expanding_current_optimizer_vs_existing_nav,0.024033145180912374,0.0,0.022893744806772087
2021-07-28,pipeline_b_lam0050,rebuilt_expanding_current_optimizer_vs_existing_nav,0.020938061633970273,0.0,0.020236578533230798
2021-07-29,pipeline_b_lam0050,rebuilt_expanding_current_optimizer_vs_existing_nav,0.022294843459965907,0.0,0.021109964102547396
2021-07-30,pipeline_b_lam0050,rebuilt_expanding_current_optimizer_vs_existing_nav,0.018562883420778498,0.0,0.017552740134577194
2021-08-02,pipeline_b_lam0050,rebuilt_expanding_current_optimizer_vs_existing_nav,0.019372118754755085,0.0,0.018038031451840464
2021-08-03,pipeline_b_lam0050,rebuilt_expanding_current_optimizer_vs_existing_nav,0.007929804555879105,0.0,0.007444360809945483
2021-08-04,pipeline_b_lam0050,rebuilt_expanding_current_optimizer_vs_existing_nav,0.00990186666121029,0.0,0.009140676446368401
2021-08-05,pipeline_b_lam0050,rebuilt_expanding_current_optimizer_vs_existing_nav,0.008409854370639014,0.0,0.0077851646796447405
2021-08-06,pipeline_b_lam0050,rebuilt_expanding_current_optimizer_vs_existing_nav,0.011573254808782352,0.0,0.010671607228296853
2021-08-09,pipeline_b_lam0050,rebuilt_expanding_current_optimizer_vs_existing_nav,0.008907067391856316,0.0,0.008165292979382954
2021-08-10,pipeline_b_lam0050,rebuilt_expanding_current_optimizer_vs_existing_nav,0.010738405033373422,0.0,0.0097880664638188
2021-08-11,pipeline_b_lam0050,rebuilt_expanding_current_optimizer_vs_existing_nav,0.013155601900674663,0.0,0.011899303114347504
2021-08-12,pipeline_b_lam0050,rebuilt_expanding_current_optimizer_vs_existing_nav,0.01156820113908097,0.0,0.010430960661718114
2021-08-13,pipeline_b_lam0050,rebuilt_expanding_current_optimizer_vs_existing_nav,0.010230500424434075,0.0,0.009232225235018765
2021-08-16,pipeline_b_lam0050,rebuilt_expanding_current_optimizer_vs_existing_nav,0.01521099346723509,0.0,0.013797577763985158
2021-08-17,pipeline_b_lam0050,rebuilt_expanding_current_optimizer_vs_existing_nav,0.014254377332165946,0.0,0.013226187285598545
2021-08-18,pipeline_b_lam0050,rebuilt_expanding_current_optimizer_vs_existing_nav,0.015725202949951722,0.0,0.014492952596151909
2021-08-19,pipeline_b_lam0050,rebuilt_expanding_current_optimizer_vs_existing_nav,0.017303118449855992,0.0,0.01593287180395464
2021-08-20,pipeline_b_lam0050,rebuilt_expanding_current_optimizer_vs_existing_nav,0.019973033320056954,0.0,0.018463196031493823
2021-08-23,pipeline_b_lam0050,rebuilt_expanding_current_optimizer_vs_existing_nav,0.0209525491647784,0.0,0.01907985361249187
2021-08-24,pipeline_b_lam0050,rebuilt_expanding_current_optimizer_vs_existing_nav,0.025800534380727713,0.0,0.023274495555141606
2021-08-25,pipeline_b_lam0050,rebuilt_expanding_current_optimizer_vs_existing_nav,0.02310043732597289,0.0,0.020657483153049272
2021-08-26,pipeline_b_lam0050,rebuilt_expanding_current_optimizer_vs_existing_nav,0.02351609507438157,0.0,0.02112924105600844
2021-08-27,pipeline_b_lam0050,rebuilt_expanding_current_optimizer_vs_existing_nav,0.022337592932788253,0.0,0.01989841154126082
2021-08-30,pipeline_b_lam0050,rebuilt_expanding_current_optimizer_vs_existing_nav,0.020970102435277527,0.0,0.018559344446087866
2021-08-31,pipeline_b_lam0050,rebuilt_expanding_current_optimizer_vs_existing_nav,0.022579949271241295,0.0,0.019905731776652447
2021-09-01,pipeline_b_lam0050,rebuilt_expanding_current_optimizer_vs_existing_nav,0.017416989284702922,0.0,0.015487097914042458
2021-09-02,pipeline_b_lam0050,rebuilt_expanding_current_optimizer_vs_existing_nav,0.01965642670999901,0.0,0.017205924971468667
2021-09-03,pipeline_b_lam0050,rebuilt_expanding_current_optimizer_vs_existing_nav,0.021605970582278422,0.0,0.018986029970729623
2021-09-06,pipeline_b_lam0050,rebuilt_expanding_current_optimizer_vs_existing_nav,0.014347812828182427,0.0,0.01247648892665576
2021-09-07,pipeline_b_lam0050,rebuilt_expanding_current_optimizer_vs_existing_nav,0.010938011814157322,0.0,0.009329371919984952
2021-09-08,pipeline_b_lam0050,rebuilt_expanding_current_optimizer_vs_existing_nav,0.014149981545954482,0.0,0.011996785412466071
2021-09-09,pipeline_b_lam0050,rebuilt_expanding_current_optimizer_vs_existing_nav,0.014891629146411844,0.0,0.012503903853755771
2021-09-10,pipeline_b_lam0050,rebuilt_expanding_current_optimizer_vs_existing_nav,0.008713331004873925,0.0,0.007325635815152554
2021-09-13,pipeline_b_lam0050,rebuilt_expanding_current_optimizer_vs_existing_nav,0.01221665494620594,0.0,0.010215861688895655
2021-09-14,pipeline_b_lam0050,rebuilt_expanding_current_optimizer_vs_existing_nav,0.0025645977728063762,0.0,0.0021707258824437137
2021-09-15,pipeline_b_lam0050,rebuilt_expanding_current_optimizer_vs_existing_nav,0.004719925656441193,0.0,0.003976257635528002
2021-09-16,pipeline_b_lam0050,rebuilt_expanding_current_optimizer_vs_existing_nav,0.003226907864575468,0.0,0.002771545708948331
2021-09-17,pipeline_b_lam0050,rebuilt_expanding_current_optimizer_vs_existing_nav,-0.00736253403368492,0.0,-0.006367501309360701
2021-09-22,pipeline_b_lam0050,rebuilt_expanding_current_optimizer_vs_existing_nav,-0.006431747201781857,0.0,-0.005519179257938545
2021-09-23,pipeline_b_lam0050,rebuilt_expanding_current_optimizer_vs_existing_nav,0.00044688914461765705,0.0,0.00038096688754007957
2021-09-24,pipeline_b_lam0050,rebuilt_expanding_current_optimizer_vs_existing_nav,-0.006938931144006455,0.0,-0.006013490950980138
2021-09-27,pipeline_b_lam0050,rebuilt_expanding_current_optimizer_vs_existing_nav,-0.01459675358132495,0.0,-0.01301900471070061
2021-09-28,pipeline_b_lam0050,rebuilt_expanding_current_optimizer_vs_existing_nav,-0.010517290865137197,0.0,-0.009343094797378715
2021-09-29,pipeline_b_lam0050,rebuilt_expanding_current_optimizer_vs_existing_nav,-0.009147283962223751,0.0,-0.008344560687126634
2021-09-30,pipeline_b_lam0050,rebuilt_expanding_current_optimizer_vs_existing_nav,-0.014406230708406964,0.0,-0.012969233777684552
2021-10-08,pipeline_b_lam0050,rebuilt_expanding_current_optimizer_vs_existing_nav,-0.009569816110836848,0.0,-0.00863015238980247
2021-10-11,pipeline_b_lam0050,rebuilt_expanding_current_optimizer_vs_existing_nav,-0.012710642738239075,0.0,-0.011463983974125957
2021-10-12,pipeline_b_lam0050,rebuilt_expanding_current_optimizer_vs_existing_nav,-0.015369099265200026,0.0,-0.014137404260388786
2021-10-13,pipeline_b_lam0050,rebuilt_expanding_current_optimizer_vs_existing_nav,-0.011101572194772924,0.0,-0.01016887163603708
2021-10-14,pipeline_b_lam0050,rebuilt_expanding_current_optimizer_vs_existing_nav,-0.009885658678487008,0.0,-0.00902056661074635
2021-10-15,pipeline_b_lam0050,rebuilt_expanding_current_optimizer_vs_existing_nav,-0.020864137691104512,0.0,-0.018995423513581855
2021-10-18,pipeline_b_lam0050,rebuilt_expanding_current_optimizer_vs_existing_nav,-0.017349123816127188,0.0,-0.01569663449499581
2021-10-19,pipeline_b_lam0050,rebuilt_expanding_current_optimizer_vs_existing_nav,-0.01724475760194699,0.0,-0.015487664560443815
2021-10-20,pipeline_b_lam0050,rebuilt_expanding_current_optimizer_vs_existing_nav,-0.018276933878292656,0.0,-0.016418322280768116
2021-10-21,pipeline_b_lam0050,rebuilt_expanding_current_optimizer_vs_existing_nav,-0.014200465810430662,0.0,-0.012793312751245178
2021-10-22,pipeline_b_lam0050,rebuilt_expanding_current_optimizer_vs_existing_nav,-0.017129231589790406,0.0,-0.015590409897290991
2021-10-25,pipeline_b_lam0050,rebuilt_expanding_current_optimizer_vs_existing_nav,-0.023592177148131777,0.0,-0.021237232634197856
2021-10-26,pipeline_b_lam0050,rebuilt_expanding_current_optimizer_vs_existing_nav,-0.021169908246248204,0.0,-0.019060916471031808
2021-10-27,pipeline_b_lam0050,rebuilt_expanding_current_optimizer_vs_existing_nav,-0.02871706469267621,0.0,-0.026053602818420174
2021-10-28,pipeline_b_lam0050,rebuilt_expanding_current_optimizer_vs_existing_nav,-0.03258530475555177,0.0,-0.02998130557479417
2021-10-29,pipeline_b_lam0050,rebuilt_expanding_current_optimizer_vs_existing_nav,-0.029856776984648725,0.0,-0.027188301573938256
2021-11-01,pipeline_b_lam0050,rebuilt_expanding_current_optimizer_vs_existing_nav,-0.030131697359971232,0.0,-0.027289981786331907
2021-11-02,pipeline_b_lam0050,rebuilt_expanding_current_optimizer_vs_existing_nav,-0.03171161070693285,0.0,-0.029031972210061596
2021-11-03,pipeline_b_lam0050,rebuilt_expanding_current_optimizer_vs_existing_nav,-0.034121573738779665,0.0,-0.031092494709421548
2021-11-04,pipeline_b_lam0050,rebuilt_expanding_current_optimizer_vs_existing_nav,-0.03327738639855604,0.0,-0.030083203228232547
2021-11-05,pipeline_b_lam0050,rebuilt_expanding_current_optimizer_vs_existing_nav,-0.033910662810044734,0.0,-0.031014975860408578
2021-11-08,pipeline_b_lam0050,rebuilt_expanding_current_optimizer_vs_existing_nav,-0.03182061058042773,0.0,-0.028958173678861554
2021-11-09,pipeline_b_lam0050,rebuilt_expanding_current_optimizer_vs_existing_nav,-0.03217245808630431,0.0,-0.029051881505676058
2021-11-10,pipeline_b_lam0050,rebuilt_expanding_current_optimizer_vs_existing_nav,-0.03412707282466565,0.0,-0.03090165958783886
2021-11-11,pipeline_b_lam0050,rebuilt_expanding_current_optimizer_vs_existing_nav,-0.034265501407186205,0.0,-0.03077631061388919
2021-11-12,pipeline_b_lam0050,rebuilt_expanding_current_optimizer_vs_existing_nav,-0.03288287337109419,0.0,-0.029382794478308938
2021-11-15,pipeline_b_lam0050,rebuilt_expanding_current_optimizer_vs_existing_nav,-0.03306769931268905,0.0,-0.029791049899841937
2021-11-16,pipeline_b_lam0050,rebuilt_expanding_current_optimizer_vs_existing_nav,-0.034617906846286184,0.0,-0.03141903154351455
2021-11-17,pipeline_b_lam0050,rebuilt_expanding_current_optimizer_vs_existing_nav,-0.035883937992542636,0.0,-0.03229946473501388
2021-11-18,pipeline_b_lam0050,rebuilt_expanding_current_optimizer_vs_existing_nav,-0.03594655187577689,0.0,-0.032446487382635114
2021-11-19,pipeline_b_lam0050,rebuilt_expanding_current_optimizer_vs_existing_nav,-0.03532071876347409,0.0,-0.03150277058732853
2021-11-22,pipeline_b_lam0050,rebuilt_expanding_current_optimizer_vs_existing_nav,-0.039455327269117824,0.0,-0.03477720546930019
2021-11-23,pipeline_b_lam0050,rebuilt_expanding_current_optimizer_vs_existing_nav,-0.03638817316422949,0.0,-0.03203803901489344
2021-11-24,pipeline_b_lam0050,rebuilt_expanding_current_optimizer_vs_existing_nav,-0.03692806425480111,0.0,-0.03253698999725774
2021-11-25,pipeline_b_lam0050,rebuilt_expanding_current_optimizer_vs_existing_nav,-0.0341504169716953,0.0,-0.030176728056782398
2021-11-26,pipeline_b_lam0050,rebuilt_expanding_current_optimizer_vs_existing_nav,-0.03114349917742487,0.0,-0.02756996220735841
2021-11-29,pipeline_b_lam0050,rebuilt_expanding_current_optimizer_vs_existing_nav,-0.03255171897031639,0.0,-0.028808474609241852
2021-11-30,pipeline_b_lam0050,rebuilt_expanding_current_optimizer_vs_existing_nav,-0.030473963206349985,0.0,-0.026854903270481012
2021-12-01,pipeline_b_lam0050,rebuilt_expanding_current_optimizer_vs_existing_nav,-0.03053523874338593,0.0,-0.026834600945978115
2021-12-02,pipeline_b_lam0050,rebuilt_expanding_current_optimizer_vs_existing_nav,-0.030965517001494414,0.0,-0.027374010533249615
2021-12-03,pipeline_b_lam0050,rebuilt_expanding_current_optimizer_vs_existing_nav,-0.033734685324397384,0.0,-0.029528230677694944
2021-12-06,pipeline_b_lam0050,rebuilt_expanding_current_optimizer_vs_existing_nav,-0.03461618076910278,0.0,-0.0305570141744107
2021-12-07,pipeline_b_lam0050,rebuilt_expanding_current_optimizer_vs_existing_nav,-0.03769083845854615,0.0,-0.033426388120700645
2021-12-08,pipeline_b_lam0050,rebuilt_expanding_current_optimizer_vs_existing_nav,-0.037799450631035736,0.0,-0.03308062768215114
2021-12-09,pipeline_b_lam0050,rebuilt_expanding_current_optimizer_vs_existing_nav,-0.040334010754633276,0.0,-0.03521522491959406
2021-12-10,pipeline_b_lam0050,rebuilt_expanding_current_optimizer_vs_existing_nav,-0.03942717300691578,0.0,-0.03448788475567155
2021-12-13,pipeline_b_lam0050,rebuilt_expanding_current_optimizer_vs_existing_nav,-0.0409040068253026,0.0,-0.035554000030177946
2021-12-14,pipeline_b_lam0050,rebuilt_expanding_current_optimizer_vs_existing_nav,-0.039904780559956166,0.0,-0.034822319045500594
2021-12-15,pipeline_b_lam0050,rebuilt_expanding_current_optimizer_vs_existing_nav,-0.037284036432074785,0.0,-0.03257928893784512
2021-12-16,pipeline_b_lam0050,rebuilt_expanding_current_optimizer_vs_existing_nav,-0.0398902257472149,0.0,-0.03454143946218591
2021-12-17,pipeline_b_lam0050,rebuilt_expanding_current_optimizer_vs_existing_nav,-0.03823125827900831,0.0,-0.0334056070890173
2021-12-20,pipeline_b_lam0050,rebuilt_expanding_current_optimizer_vs_existing_nav,-0.034204292241436285,0.0,-0.030379460833008354
2021-12-21,pipeline_b_lam0050,rebuilt_expanding_current_optimizer_vs_existing_nav,-0.03662105633475332,0.0,-0.03217058480942758
2021-12-22,pipeline_b_lam0050,rebuilt_expanding_current_optimizer_vs_existing_nav,-0.03582205195030408,0.0,-0.03135108792300656
2021-12-23,pipeline_b_lam0050,rebuilt_expanding_current_optimizer_vs_existing_nav,-0.03453198665963386,0.0,-0.030078994891715838
2021-12-24,pipeline_b_lam0050,rebuilt_expanding_current_optimizer_vs_existing_nav,-0.03261493345782651,0.0,-0.028637221693513237
2021-12-27,pipeline_b_lam0050,rebuilt_expanding_current_optimizer_vs_existing_nav,-0.03545794681597192,0.0,-0.03115921376728481
2021-12-28,pipeline_b_lam0050,rebuilt_expanding_current_optimizer_vs_existing_nav,-0.03601715376507486,0.0,-0.031592790979800944
2021-12-29,pipeline_b_lam0050,rebuilt_expanding_current_optimizer_vs_existing_nav,-0.03446056318259205,0.0,-0.030386976853516323
2021-12-30,pipeline_b_lam0050,rebuilt_expanding_current_optimizer_vs_existing_nav,-0.033951929309806506,0.0,-0.029679721557484218
2021-12-31,pipeline_b_lam0050,rebuilt_expanding_current_optimizer_vs_existing_nav,-0.03470999833999411,0.0,-0.03014267661134462
2022-01-04,pipeline_b_lam0050,rebuilt_expanding_current_optimizer_vs_existing_nav,-0.03716744211720946,0.0,-0.032298465004007904
2022-01-05,pipeline_b_lam0050,rebuilt_expanding_current_optimizer_vs_existing_nav,-0.03770041606958241,0.0,-0.03335937132766453
2022-01-06,pipeline_b_lam0050,rebuilt_expanding_current_optimizer_vs_existing_nav,-0.038092211148574195,0.0,-0.03367208861834192
2022-01-07,pipeline_b_lam0050,rebuilt_expanding_current_optimizer_vs_existing_nav,-0.04333421147851846,0.0,-0.03859560479788038
2022-01-10,pipeline_b_lam0050,rebuilt_expanding_current_optimizer_vs_existing_nav,-0.04152218461056312,0.0,-0.036900600736783584
2022-01-11,pipeline_b_lam0050,rebuilt_expanding_current_optimizer_vs_existing_nav,-0.04072232814567589,0.0,-0.0364749587479718
2022-01-12,pipeline_b_lam0050,rebuilt_expanding_current_optimizer_vs_existing_nav,-0.04353425644204778,0.0,-0.03865925343500454
2022-01-13,pipeline_b_lam0050,rebuilt_expanding_current_optimizer_vs_existing_nav,-0.04155414887571607,0.0,-0.03741647692899286
2022-01-14,pipeline_b_lam0050,rebuilt_expanding_current_optimizer_vs_existing_nav,-0.04354740670106905,0.0,-0.03930328409333894
2022-01-17,pipeline_b_lam0050,rebuilt_expanding_current_optimizer_vs_existing_nav,-0.0448592065135478,0.0,-0.04005329067797758
2022-01-18,pipeline_b_lam0050,rebuilt_expanding_current_optimizer_vs_existing_nav,-0.04425513984392482,0.0,-0.03948470702729767
2022-01-19,pipeline_b_lam0050,rebuilt_expanding_current_optimizer_vs_existing_nav,-0.045070126318975445,0.0,-0.04046262657709976
2022-01-20,pipeline_b_lam0050,rebuilt_expanding_current_optimizer_vs_existing_nav,-0.04347623576819082,0.0,-0.039374476881298914
2022-01-21,pipeline_b_lam0050,rebuilt_expanding_current_optimizer_vs_existing_nav,-0.040432085395319506,0.0,-0.03703830707294342
2022-01-24,pipeline_b_lam0050,rebuilt_expanding_current_optimizer_vs_existing_nav,-0.04190043236274921,0.0,-0.038368939241050004
2022-01-25,pipeline_b_lam0050,rebuilt_expanding_current_optimizer_vs_existing_nav,-0.034222122402327804,0.0,-0.032431119978544976
2022-01-26,pipeline_b_lam0050,rebuilt_expanding_current_optimizer_vs_existing_nav,-0.0335720671761186,0.0,-0.03163393119327229
2022-01-27,pipeline_b_lam0050,rebuilt_expanding_current_optimizer_vs_existing_nav,-0.03056068211244689,0.0,-0.02956649036259451
2022-01-28,pipeline_b_lam0050,rebuilt_expanding_current_optimizer_vs_existing_nav,-0.030706688634210888,0.0,-0.02982235129191091
2022-02-07,pipeline_b_lam0050,rebuilt_expanding_current_optimizer_vs_existing_nav,-0.029426787718042524,0.0,-0.02816803015282754
2022-02-08,pipeline_b_lam0050,rebuilt_expanding_current_optimizer_vs_existing_nav,-0.033091111697446385,0.0,-0.03136750690682444
2022-02-09,pipeline_b_lam0050,rebuilt_expanding_current_optimizer_vs_existing_nav,-0.03151402723887897,0.0,-0.029432382790516298
2022-02-10,pipeline_b_lam0050,rebuilt_expanding_current_optimizer_vs_existing_nav,-0.03330813991237824,0.0,-0.031119546221527017
2022-02-11,pipeline_b_lam0050,rebuilt_expanding_current_optimizer_vs_existing_nav,-0.0327090688706031,0.0,-0.030992348666000202
2022-02-14,pipeline_b_lam0050,rebuilt_expanding_current_optimizer_vs_existing_nav,-0.034754221506716476,0.0,-0.033172761130167316
2022-02-15,pipeline_b_lam0050,rebuilt_expanding_current_optimizer_vs_existing_nav,-0.03340628476671981,0.0,-0.031581548285894545
2022-02-16,pipeline_b_lam0050,rebuilt_expanding_current_optimizer_vs_existing_nav,-0.03458089261211872,0.0,-0.03263524395026951
2022-02-17,pipeline_b_lam0050,rebuilt_expanding_current_optimizer_vs_existing_nav,-0.037573895073482744,0.0,-0.03547684810947871
2022-02-18,pipeline_b_lam0050,rebuilt_expanding_current_optimizer_vs_existing_nav,-0.03824371669061444,0.0,-0.0357593785574839
2022-02-21,pipeline_b_lam0050,rebuilt_expanding_current_optimizer_vs_existing_nav,-0.0401698864202662,0.0,-0.03738489686123758
2022-02-22,pipeline_b_lam0050,rebuilt_expanding_current_optimizer_vs_existing_nav,-0.040436699812750554,0.0,-0.03808998880356018
2022-02-23,pipeline_b_lam0050,rebuilt_expanding_current_optimizer_vs_existing_nav,-0.04133135545695654,0.0,-0.038352406933552796
2022-02-24,pipeline_b_lam0050,rebuilt_expanding_current_optimizer_vs_existing_nav,-0.04061656058671592,0.0,-0.03837188224629706
2022-02-25,pipeline_b_lam0050,rebuilt_expanding_current_optimizer_vs_existing_nav,-0.03943894759480493,0.0,-0.036961275142955774
2022-02-28,pipeline_b_lam0050,rebuilt_expanding_current_optimizer_vs_existing_nav,-0.04156421061374038,0.0,-0.038760471717432354
2022-03-01,pipeline_b_lam0050,rebuilt_expanding_current_optimizer_vs_existing_nav,-0.04282652552155475,0.0,-0.03981715808773534
2022-03-02,pipeline_b_lam0050,rebuilt_expanding_current_optimizer_vs_existing_nav,-0.042909435027336684,0.0,-0.03988730352299452
2022-03-03,pipeline_b_lam0050,rebuilt_expanding_current_optimizer_vs_existing_nav,-0.03975946054994117,0.0,-0.03704371111943927
2022-03-04,pipeline_b_lam0050,rebuilt_expanding_current_optimizer_vs_existing_nav,-0.03933206109601417,0.0,-0.0369456057348847
2022-03-07,pipeline_b_lam0050,rebuilt_expanding_current_optimizer_vs_existing_nav,-0.03743710967381486,0.0,-0.035928379041219705
2022-03-08,pipeline_b_lam0050,rebuilt_expanding_current_optimizer_vs_existing_nav,-0.035941751561693325,0.0,-0.03572444947995135
2022-03-09,pipeline_b_lam0050,rebuilt_expanding_current_optimizer_vs_existing_nav,-0.03680121657705082,0.0,-0.037299661187049304
2022-03-10,pipeline_b_lam0050,rebuilt_expanding_current_optimizer_vs_existing_nav,-0.040440635721058715,0.0,-0.04028980221774381
2022-03-11,pipeline_b_lam0050,rebuilt_expanding_current_optimizer_vs_existing_nav,-0.040683448184478666,0.0,-0.0401611661792467
2022-03-14,pipeline_b_lam0050,rebuilt_expanding_current_optimizer_vs_existing_nav,-0.03735146346643914,0.0,-0.037749788727277744
2022-03-15,pipeline_b_lam0050,rebuilt_expanding_current_optimizer_vs_existing_nav,-0.03881911121164772,0.0,-0.04159166168674289
2022-03-16,pipeline_b_lam0050,rebuilt_expanding_current_optimizer_vs_existing_nav,-0.03913513376175559,0.0,-0.04062738142060063
2022-03-17,pipeline_b_lam0050,rebuilt_expanding_current_optimizer_vs_existing_nav,-0.03638975074256834,0.0,-0.03710674147962423
2022-03-18,pipeline_b_lam0050,rebuilt_expanding_current_optimizer_vs_existing_nav,-0.036679509441488234,0.0,-0.03702009514858551
2022-03-21,pipeline_b_lam0050,rebuilt_expanding_current_optimizer_vs_existing_nav,-0.0359722336781223,0.0,-0.03615365788242553
2022-03-22,pipeline_b_lam0050,rebuilt_expanding_current_optimizer_vs_existing_nav,-0.03406944190444494,0.0,-0.034245759782667085
2022-03-23,pipeline_b_lam0050,rebuilt_expanding_current_optimizer_vs_existing_nav,-0.03383400901649147,0.0,-0.033796532890362885
2022-03-24,pipeline_b_lam0050,rebuilt_expanding_current_optimizer_vs_existing_nav,-0.028683368351436034,0.0,-0.028895411089753464
2022-03-25,pipeline_b_lam0050,rebuilt_expanding_current_optimizer_vs_existing_nav,-0.026397063038510193,0.0,-0.026914104348900958
2022-03-28,pipeline_b_lam0050,rebuilt_expanding_current_optimizer_vs_existing_nav,-0.024785601565749715,0.0,-0.0252105736902124
2022-03-29,pipeline_b_lam0050,rebuilt_expanding_current_optimizer_vs_existing_nav,-0.025070909910378747,0.0,-0.025623982590980976
2022-03-30,pipeline_b_lam0050,rebuilt_expanding_current_optimizer_vs_existing_nav,-0.02615645840262837,0.0,-0.026210345748989283
2022-03-31,pipeline_b_lam0050,rebuilt_expanding_current_optimizer_vs_existing_nav,-0.020090083376145706,0.0,-0.020299888891541995
2022-04-01,pipeline_b_lam0050,rebuilt_expanding_current_optimizer_vs_existing_nav,-0.019796805593766287,0.0,-0.019879213333758416
2022-04-06,pipeline_b_lam0050,rebuilt_expanding_current_optimizer_vs_existing_nav,-0.020608059013996538,0.0,-0.020718562928977002
2022-04-07,pipeline_b_lam0050,rebuilt_expanding_current_optimizer_vs_existing_nav,-0.01752389933960452,0.0,-0.018001101407349562
2022-04-08,pipeline_b_lam0050,rebuilt_expanding_current_optimizer_vs_existing_nav,-0.01438645863892729,0.0,-0.014772226094925456
2022-04-11,pipeline_b_lam0050,rebuilt_expanding_current_optimizer_vs_existing_nav,-0.010620245566979492,0.0,-0.011256274836034974
2022-04-12,pipeline_b_lam0050,rebuilt_expanding_current_optimizer_vs_existing_nav,-0.013809239139805474,0.0,-0.014404502803190722
2022-04-13,pipeline_b_lam0050,rebuilt_expanding_current_optimizer_vs_existing_nav,-0.01668431716379959,0.0,-0.017639493803613515
2022-04-14,pipeline_b_lam0050,rebuilt_expanding_current_optimizer_vs_existing_nav,-0.018846915973667278,0.0,-0.019658405952656333
2022-04-15,pipeline_b_lam0050,rebuilt_expanding_current_optimizer_vs_existing_nav,-0.018415717756305905,0.0,-0.019385014421267055
2022-04-18,pipeline_b_lam0050,rebuilt_expanding_current_optimizer_vs_existing_nav,-0.01943902637083883,0.0,-0.020450582436331022
2022-04-19,pipeline_b_lam0050,rebuilt_expanding_current_optimizer_vs_existing_nav,-0.0196078700326644,0.0,-0.020565947513438765
2022-04-20,pipeline_b_lam0050,rebuilt_expanding_current_optimizer_vs_existing_nav,-0.020597181000329368,0.0,-0.022094183801531164
2022-04-21,pipeline_b_lam0050,rebuilt_expanding_current_optimizer_vs_existing_nav,-0.015053487604692606,0.0,-0.01669954492693404
2022-04-22,pipeline_b_lam0050,rebuilt_expanding_current_optimizer_vs_existing_nav,-0.008271989830847759,0.0,-0.009206202531099716
2022-04-25,pipeline_b_lam0050,rebuilt_expanding_current_optimizer_vs_existing_nav,-0.0015346078286159193,0.0,-0.0018260089284851677
2022-04-26,pipeline_b_lam0050,rebuilt_expanding_current_optimizer_vs_existing_nav,-0.0010641451031236926,0.0,-0.0012989658248396818
2022-04-27,pipeline_b_lam0050,rebuilt_expanding_current_optimizer_vs_existing_nav,-0.004658194095788271,0.0,-0.0054735768470237645
2022-04-28,pipeline_b_lam0050,rebuilt_expanding_current_optimizer_vs_existing_nav,-0.0008897462998862515,0.0,-0.001048961740589327
2022-04-29,pipeline_b_lam0050,rebuilt_expanding_current_optimizer_vs_existing_nav,-0.0017651434446898095,0.0,-0.002003132186977341
2022-05-05,pipeline_b_lam0050,rebuilt_expanding_current_optimizer_vs_existing_nav,-0.0017370246178054494,0.0,-0.0019508327567194783
2022-05-06,pipeline_b_lam0050,rebuilt_expanding_current_optimizer_vs_existing_nav,-0.0033903875378968884,0.0,-0.00389180962636404
2022-05-09,pipeline_b_lam0050,rebuilt_expanding_current_optimizer_vs_existing_nav,-0.0038170149989774638,0.0,-0.004345665230035767
2022-05-10,pipeline_b_lam0050,rebuilt_expanding_current_optimizer_vs_existing_nav,-0.004470328292675463,0.0,-0.005015348188750268
2022-05-11,pipeline_b_lam0050,rebuilt_expanding_current_optimizer_vs_existing_nav,-0.0039424580978530965,0.0,-0.0043855539906079155
2022-05-12,pipeline_b_lam0050,rebuilt_expanding_current_optimizer_vs_existing_nav,-0.006917215971458446,0.0,-0.007686825030819966
2022-05-13,pipeline_b_lam0050,rebuilt_expanding_current_optimizer_vs_existing_nav,-0.006877272272438506,0.0,-0.0075690697531145545
2022-05-16,pipeline_b_lam0050,rebuilt_expanding_current_optimizer_vs_existing_nav,-0.00677434408312938,0.0,-0.0074626683446306075
2022-05-17,pipeline_b_lam0050,rebuilt_expanding_current_optimizer_vs_existing_nav,-0.007218136229501848,0.0,-0.007915584401538167
2022-05-18,pipeline_b_lam0050,rebuilt_expanding_current_optimizer_vs_existing_nav,-0.00785319493415404,0.0,-0.008638834075449076
2022-05-19,pipeline_b_lam0050,rebuilt_expanding_current_optimizer_vs_existing_nav,-0.007337466179893504,0.0,-0.008012329734875534
2022-05-20,pipeline_b_lam0050,rebuilt_expanding_current_optimizer_vs_existing_nav,-0.01023949019747572,0.0,-0.011005845172806783
2022-05-23,pipeline_b_lam0050,rebuilt_expanding_current_optimizer_vs_existing_nav,-0.01246822443572948,0.0,-0.013317715553814669
2022-05-24,pipeline_b_lam0050,rebuilt_expanding_current_optimizer_vs_existing_nav,-0.011573134225632331,0.0,-0.012833767795559226
2022-05-25,pipeline_b_lam0050,rebuilt_expanding_current_optimizer_vs_existing_nav,-0.009875969060651801,0.0,-0.01076400555934387
2022-05-26,pipeline_b_lam0050,rebuilt_expanding_current_optimizer_vs_existing_nav,-0.01041216976849102,0.0,-0.011218084813991336
2022-05-27,pipeline_b_lam0050,rebuilt_expanding_current_optimizer_vs_existing_nav,-0.009677957427378758,0.0,-0.010440327806353622
2022-05-30,pipeline_b_lam0050,rebuilt_expanding_current_optimizer_vs_existing_nav,-0.00900406900516082,0.0,-0.009639937773552987
2022-05-31,pipeline_b_lam0050,rebuilt_expanding_current_optimizer_vs_existing_nav,-0.007883378700438204,0.0,-0.008321458280895921
2022-06-01,pipeline_b_lam0050,rebuilt_expanding_current_optimizer_vs_existing_nav,-0.00957966181859371,0.0,-0.010114819374258177
2022-06-02,pipeline_b_lam0050,rebuilt_expanding_current_optimizer_vs_existing_nav,-0.011853415828936287,0.0,-0.012391846563112763
2022-06-06,pipeline_b_lam0050,rebuilt_expanding_current_optimizer_vs_existing_nav,-0.013741921234820653,0.0,-0.014112735720932523
2022-06-07,pipeline_b_lam0050,rebuilt_expanding_current_optimizer_vs_existing_nav,-0.013436901263450762,0.0,-0.013799011134347117
2022-06-08,pipeline_b_lam0050,rebuilt_expanding_current_optimizer_vs_existing_nav,-0.012582500095467797,0.0,-0.012850046871398346
2022-06-09,pipeline_b_lam0050,rebuilt_expanding_current_optimizer_vs_existing_nav,-0.011247791354778602,0.0,-0.011646663124851075
2022-06-10,pipeline_b_lam0050,rebuilt_expanding_current_optimizer_vs_existing_nav,-0.013379916730662966,0.0,-0.013603604336945851
2022-06-13,pipeline_b_lam0050,rebuilt_expanding_current_optimizer_vs_existing_nav,-0.013194801386581911,0.0,-0.013427365692614712
2022-06-14,pipeline_b_lam0050,rebuilt_expanding_current_optimizer_vs_existing_nav,-0.012106458975945644,0.0,-0.012234824892790819
2022-06-15,pipeline_b_lam0050,rebuilt_expanding_current_optimizer_vs_existing_nav,-0.011948056125891782,0.0,-0.012095822718970473
2022-06-16,pipeline_b_lam0050,rebuilt_expanding_current_optimizer_vs_existing_nav,-0.010987064519466072,0.0,-0.011113215730768289
2022-06-17,pipeline_b_lam0050,rebuilt_expanding_current_optimizer_vs_existing_nav,-0.0108518599841263,0.0,-0.010883813486188387
2022-06-20,pipeline_b_lam0050,rebuilt_expanding_current_optimizer_vs_existing_nav,-0.01124020520184743,0.0,-0.011244903852353216
2022-06-21,pipeline_b_lam0050,rebuilt_expanding_current_optimizer_vs_existing_nav,-0.010664237770281026,0.0,-0.010754736294507738
2022-06-22,pipeline_b_lam0050,rebuilt_expanding_current_optimizer_vs_existing_nav,-0.01006793713485754,0.0,-0.010312989331241473
2022-06-23,pipeline_b_lam0050,rebuilt_expanding_current_optimizer_vs_existing_nav,-0.014068104492981348,0.0,-0.01412769164646499
2022-06-24,pipeline_b_lam0050,rebuilt_expanding_current_optimizer_vs_existing_nav,-0.01374357807932669,0.0,-0.013650666950977719
2022-06-27,pipeline_b_lam0050,rebuilt_expanding_current_optimizer_vs_existing_nav,-0.01262633554290482,0.0,-0.01245930830237807
2022-06-28,pipeline_b_lam0050,rebuilt_expanding_current_optimizer_vs_existing_nav,-0.014096069599174754,0.0,-0.013707357418859756
2022-06-29,pipeline_b_lam0050,rebuilt_expanding_current_optimizer_vs_existing_nav,-0.011183403315328855,0.0,-0.011082773490079578
2022-06-30,pipeline_b_lam0050,rebuilt_expanding_current_optimizer_vs_existing_nav,-0.010539538609772414,0.0,-0.010313755936851798
2022-07-01,pipeline_b_lam0050,rebuilt_expanding_current_optimizer_vs_existing_nav,-0.007716519011754963,0.0,-0.007569393585172612
2022-07-04,pipeline_b_lam0050,rebuilt_expanding_current_optimizer_vs_existing_nav,-0.008187931564412887,0.0,-0.007927465458706928
2022-07-05,pipeline_b_lam0050,rebuilt_expanding_current_optimizer_vs_existing_nav,-0.006764664865940295,0.0,-0.006560696883814998
2022-07-06,pipeline_b_lam0050,rebuilt_expanding_current_optimizer_vs_existing_nav,-0.006502506144358655,0.0,-0.00639587071390646
2022-07-07,pipeline_b_lam0050,rebuilt_expanding_current_optimizer_vs_existing_nav,-0.008196361102781102,0.0,-0.0080149316746716
2022-07-08,pipeline_b_lam0050,rebuilt_expanding_current_optimizer_vs_existing_nav,-0.006988139089495693,0.0,-0.006882443974192798
2022-07-11,pipeline_b_lam0050,rebuilt_expanding_current_optimizer_vs_existing_nav,-0.005836459389801929,0.0,-0.005825075627858389
2022-07-12,pipeline_b_lam0050,rebuilt_expanding_current_optimizer_vs_existing_nav,-0.00392563560097603,0.0,-0.003966524051198794
2022-07-13,pipeline_b_lam0050,rebuilt_expanding_current_optimizer_vs_existing_nav,-0.003996538236651359,0.0,-0.004018665919150122
2022-07-14,pipeline_b_lam0050,rebuilt_expanding_current_optimizer_vs_existing_nav,-0.0069234582469928085,0.0,-0.006923707202236118
2022-07-15,pipeline_b_lam0050,rebuilt_expanding_current_optimizer_vs_existing_nav,-0.008924214231568417,0.0,-0.009070616626428496
2022-07-18,pipeline_b_lam0050,rebuilt_expanding_current_optimizer_vs_existing_nav,-0.007487677547989513,0.0,-0.007470014500573496
2022-07-19,pipeline_b_lam0050,rebuilt_expanding_current_optimizer_vs_existing_nav,-0.00863709129354362,0.0,-0.008583616946652217
2022-07-20,pipeline_b_lam0050,rebuilt_expanding_current_optimizer_vs_existing_nav,-0.01056234277764534,0.0,-0.010372886115582514
2022-07-21,pipeline_b_lam0050,rebuilt_expanding_current_optimizer_vs_existing_nav,-0.009303668596766235,0.0,-0.009225030099672571
2022-07-22,pipeline_b_lam0050,rebuilt_expanding_current_optimizer_vs_existing_nav,-0.008590901927554961,0.0,-0.008596218267770572
2022-07-25,pipeline_b_lam0050,rebuilt_expanding_current_optimizer_vs_existing_nav,-0.007683308594252702,0.0,-0.0077596453152100064
2022-07-26,pipeline_b_lam0050,rebuilt_expanding_current_optimizer_vs_existing_nav,-0.00709010410830091,0.0,-0.007073456909255205
2022-07-27,pipeline_b_lam0050,rebuilt_expanding_current_optimizer_vs_existing_nav,-0.006715814601338632,0.0,-0.006674063612314374
2022-07-28,pipeline_b_lam0050,rebuilt_expanding_current_optimizer_vs_existing_nav,-0.008621686821103314,0.0,-0.008541882114163402
2022-07-29,pipeline_b_lam0050,rebuilt_expanding_current_optimizer_vs_existing_nav,-0.006400451427033493,0.0,-0.006395476882999018
2022-08-01,pipeline_b_lam0050,rebuilt_expanding_current_optimizer_vs_existing_nav,-0.006245744831490985,0.0,-0.006187953397281287
2022-08-02,pipeline_b_lam0050,rebuilt_expanding_current_optimizer_vs_existing_nav,-0.0072710118238092925,0.0,-0.007409846885486848
2022-08-03,pipeline_b_lam0050,rebuilt_expanding_current_optimizer_vs_existing_nav,-0.00837677051366148,0.0,-0.008600092040411011
2022-08-04,pipeline_b_lam0050,rebuilt_expanding_current_optimizer_vs_existing_nav,-0.009624227416546338,0.0,-0.009825154305002082
2022-08-05,pipeline_b_lam0050,rebuilt_expanding_current_optimizer_vs_existing_nav,-0.011333004363139443,0.0,-0.011362463208409723
2022-08-08,pipeline_b_lam0050,rebuilt_expanding_current_optimizer_vs_existing_nav,-0.011781847011263835,0.0,-0.011713161711460529
2022-08-09,pipeline_b_lam0050,rebuilt_expanding_current_optimizer_vs_existing_nav,-0.009492566530536761,0.0,-0.009409835921991405
2022-08-10,pipeline_b_lam0050,rebuilt_expanding_current_optimizer_vs_existing_nav,-0.010964775499714419,0.0,-0.010902610285845604
2022-08-11,pipeline_b_lam0050,rebuilt_expanding_current_optimizer_vs_existing_nav,-0.013637164353698994,0.0,-0.013312585492171625
2022-08-12,pipeline_b_lam0050,rebuilt_expanding_current_optimizer_vs_existing_nav,-0.01403306436480567,0.0,-0.013737708134300641
2022-08-15,pipeline_b_lam0050,rebuilt_expanding_current_optimizer_vs_existing_nav,-0.012264387187584713,0.0,-0.011965340657346557
2022-08-16,pipeline_b_lam0050,rebuilt_expanding_current_optimizer_vs_existing_nav,-0.011720135595235659,0.0,-0.011394164578754529
2022-08-17,pipeline_b_lam0050,rebuilt_expanding_current_optimizer_vs_existing_nav,-0.012450136892323993,0.0,-0.01205102160204552
2022-08-18,pipeline_b_lam0050,rebuilt_expanding_current_optimizer_vs_existing_nav,-0.011756397344942382,0.0,-0.011421274877106757
2022-08-19,pipeline_b_lam0050,rebuilt_expanding_current_optimizer_vs_existing_nav,-0.011914277428485054,0.0,-0.011714076282518082
2022-08-22,pipeline_b_lam0050,rebuilt_expanding_current_optimizer_vs_existing_nav,-0.0095284623666394,0.0,-0.00925113837342395
2022-08-23,pipeline_b_lam0050,rebuilt_expanding_current_optimizer_vs_existing_nav,-0.008511358953743775,0.0,-0.008271588245625905
2022-08-24,pipeline_b_lam0050,rebuilt_expanding_current_optimizer_vs_existing_nav,-0.009311543800729627,0.0,-0.009311046896001596
2022-08-25,pipeline_b_lam0050,rebuilt_expanding_current_optimizer_vs_existing_nav,-0.011101406858810003,0.0,-0.011033233650471042
2022-08-26,pipeline_b_lam0050,rebuilt_expanding_current_optimizer_vs_existing_nav,-0.007527068202312082,0.0,-0.007509451788941801
2022-08-29,pipeline_b_lam0050,rebuilt_expanding_current_optimizer_vs_existing_nav,-0.0032006045374726177,0.0,-0.0031870274884782113
2022-08-30,pipeline_b_lam0050,rebuilt_expanding_current_optimizer_vs_existing_nav,-0.005783647355784405,0.0,-0.005781536504325446
2022-08-31,pipeline_b_lam0050,rebuilt_expanding_current_optimizer_vs_existing_nav,-0.007079782530397205,0.0,-0.0072267802336851705
2022-09-01,pipeline_b_lam0050,rebuilt_expanding_current_optimizer_vs_existing_nav,-0.006669677229168336,0.0,-0.006840359626413495
2022-09-02,pipeline_b_lam0050,rebuilt_expanding_current_optimizer_vs_existing_nav,-0.004008203269001198,0.0,-0.004095629392312672
2022-09-05,pipeline_b_lam0050,rebuilt_expanding_current_optimizer_vs_existing_nav,-0.0037555889806426546,0.0,-0.0038168863306091705
2022-09-06,pipeline_b_lam0050,rebuilt_expanding_current_optimizer_vs_existing_nav,-0.004680933721112224,0.0,-0.00467497182067711
2022-09-07,pipeline_b_lam0050,rebuilt_expanding_current_optimizer_vs_existing_nav,-0.005146282587203288,0.0,-0.0051315768631052805
2022-09-08,pipeline_b_lam0050,rebuilt_expanding_current_optimizer_vs_existing_nav,-0.0032021956711996147,0.0,-0.0032078022036632348
2022-09-09,pipeline_b_lam0050,rebuilt_expanding_current_optimizer_vs_existing_nav,-0.00579069564685053,0.0,-0.005760064558950395
2022-09-13,pipeline_b_lam0050,rebuilt_expanding_current_optimizer_vs_existing_nav,-0.0047964152436781315,0.0,-0.004783285982654206
2022-09-14,pipeline_b_lam0050,rebuilt_expanding_current_optimizer_vs_existing_nav,-0.004062430372384407,0.0,-0.004084018521474553
2022-09-15,pipeline_b_lam0050,rebuilt_expanding_current_optimizer_vs_existing_nav,-0.0035351430556702645,0.0,-0.0036366512017573793
2022-09-16,pipeline_b_lam0050,rebuilt_expanding_current_optimizer_vs_existing_nav,-0.002711869922090271,0.0,-0.0028615576504180673
2022-09-19,pipeline_b_lam0050,rebuilt_expanding_current_optimizer_vs_existing_nav,-0.001998072636334003,0.0,-0.0021231058010331427
2022-09-20,pipeline_b_lam0050,rebuilt_expanding_current_optimizer_vs_existing_nav,-0.003118744133796536,0.0,-0.0032887977183950756
2022-09-21,pipeline_b_lam0050,rebuilt_expanding_current_optimizer_vs_existing_nav,-0.0041670605073271805,0.0,-0.004379362604467252
2022-09-22,pipeline_b_lam0050,rebuilt_expanding_current_optimizer_vs_existing_nav,-0.005049443647359597,0.0,-0.005317993947054234
2022-09-23,pipeline_b_lam0050,rebuilt_expanding_current_optimizer_vs_existing_nav,-0.006867795885641348,0.0,-0.007326737779597359
2022-09-26,pipeline_b_lam0050,rebuilt_expanding_current_optimizer_vs_existing_nav,-0.0038228910618407497,0.0,-0.00413685509433992
2022-09-27,pipeline_b_lam0050,rebuilt_expanding_current_optimizer_vs_existing_nav,-0.002504994922369219,0.0,-0.002658258506893718
2022-09-28,pipeline_b_lam0050,rebuilt_expanding_current_optimizer_vs_existing_nav,-0.0005452213595614763,0.0,-0.0005936636647239091
2022-09-29,pipeline_b_lam0050,rebuilt_expanding_current_optimizer_vs_existing_nav,-0.0005800177659660566,0.0,-0.0006312770786587318
2022-09-30,pipeline_b_lam0050,rebuilt_expanding_current_optimizer_vs_existing_nav,-0.0004030020392361555,0.0,-0.00044305571722613735
2022-10-10,pipeline_b_lam0050,rebuilt_expanding_current_optimizer_vs_existing_nav,0.0014626101393538926,0.0,0.001630331736216517
2022-10-11,pipeline_b_lam0050,rebuilt_expanding_current_optimizer_vs_existing_nav,0.0036494736489586233,0.0,0.004033049808223277
2022-10-12,pipeline_b_lam0050,rebuilt_expanding_current_optimizer_vs_existing_nav,0.003391000940639488,0.0,0.0036598828342786494
2022-10-13,pipeline_b_lam0050,rebuilt_expanding_current_optimizer_vs_existing_nav,0.005008418913267532,0.0,0.0053963885378875975
2022-10-14,pipeline_b_lam0050,rebuilt_expanding_current_optimizer_vs_existing_nav,0.0023118442568688113,0.0,0.0024312535645043543
2022-10-17,pipeline_b_lam0050,rebuilt_expanding_current_optimizer_vs_existing_nav,0.002065345573080579,0.0,0.0021568014134505376
2022-10-18,pipeline_b_lam0050,rebuilt_expanding_current_optimizer_vs_existing_nav,0.002673709726277229,0.0,0.002782816788412079
2022-10-19,pipeline_b_lam0050,rebuilt_expanding_current_optimizer_vs_existing_nav,0.0037929522231652246,0.0,0.003989340775894412
2022-10-20,pipeline_b_lam0050,rebuilt_expanding_current_optimizer_vs_existing_nav,0.005795512408944825,0.0,0.006120037045524773
2022-10-21,pipeline_b_lam0050,rebuilt_expanding_current_optimizer_vs_existing_nav,0.006968891662697985,0.0,0.007349213993080417
2022-10-24,pipeline_b_lam0050,rebuilt_expanding_current_optimizer_vs_existing_nav,0.009710761915361132,0.0,0.010344879389851513
2022-10-25,pipeline_b_lam0050,rebuilt_expanding_current_optimizer_vs_existing_nav,0.01102219966404605,0.0,0.011796209834223914
2022-10-26,pipeline_b_lam0050,rebuilt_expanding_current_optimizer_vs_existing_nav,0.010683587168735631,0.0,0.01123886450250744
2022-10-27,pipeline_b_lam0050,rebuilt_expanding_current_optimizer_vs_existing_nav,0.00700840604138353,0.0,0.007383296078295576
2022-10-28,pipeline_b_lam0050,rebuilt_expanding_current_optimizer_vs_existing_nav,0.013849865108010784,0.0,0.015047131419125614
2022-10-31,pipeline_b_lam0050,rebuilt_expanding_current_optimizer_vs_existing_nav,0.014273765697703555,0.0,0.015440089605753604
2022-11-01,pipeline_b_lam0050,rebuilt_expanding_current_optimizer_vs_existing_nav,0.013285141406115697,0.0,0.014046465285878718
2022-11-02,pipeline_b_lam0050,rebuilt_expanding_current_optimizer_vs_existing_nav,0.013729788342324634,0.0,0.014379461387018955
2022-11-03,pipeline_b_lam0050,rebuilt_expanding_current_optimizer_vs_existing_nav,0.014144871058399344,0.0,0.014816865719740502
2022-11-04,pipeline_b_lam0050,rebuilt_expanding_current_optimizer_vs_existing_nav,0.013327750901259039,0.0,0.013649670233039535
2022-11-07,pipeline_b_lam0050,rebuilt_expanding_current_optimizer_vs_existing_nav,0.014343520360873052,0.0,0.01467096842957405
2022-11-08,pipeline_b_lam0050,rebuilt_expanding_current_optimizer_vs_existing_nav,0.013153599759162748,0.0,0.0134695700221239
2022-11-09,pipeline_b_lam0050,rebuilt_expanding_current_optimizer_vs_existing_nav,0.01122992197395023,0.0,0.01152491017948809
2022-11-10,pipeline_b_lam0050,rebuilt_expanding_current_optimizer_vs_existing_nav,0.010034784145751097,0.0,0.010351028906889104
2022-11-11,pipeline_b_lam0050,rebuilt_expanding_current_optimizer_vs_existing_nav,0.008630046583804951,0.0,0.008830962520861796
2022-11-14,pipeline_b_lam0050,rebuilt_expanding_current_optimizer_vs_existing_nav,0.007388625260436932,0.0,0.007571874562784853
2022-11-15,pipeline_b_lam0050,rebuilt_expanding_current_optimizer_vs_existing_nav,0.006192134361015844,0.0,0.006236964503781639
2022-11-16,pipeline_b_lam0050,rebuilt_expanding_current_optimizer_vs_existing_nav,0.005783041321238747,0.0,0.005855392654795066
2022-11-17,pipeline_b_lam0050,rebuilt_expanding_current_optimizer_vs_existing_nav,0.001213376207106709,0.0,0.0012259309341606794
2022-11-18,pipeline_b_lam0050,rebuilt_expanding_current_optimizer_vs_existing_nav,0.0012260640954617763,0.0,0.0012437849466679918
2022-11-21,pipeline_b_lam0050,rebuilt_expanding_current_optimizer_vs_existing_nav,0.004109867879365847,0.0,0.004170575431413637
2022-11-22,pipeline_b_lam0050,rebuilt_expanding_current_optimizer_vs_existing_nav,0.0056917253505437415,0.0,0.005836437737004596
2022-11-23,pipeline_b_lam0050,rebuilt_expanding_current_optimizer_vs_existing_nav,0.0058107012180190765,0.0,0.005967981774233966
2022-11-24,pipeline_b_lam0050,rebuilt_expanding_current_optimizer_vs_existing_nav,0.008597993632348366,0.0,0.008824282086870694
2022-11-25,pipeline_b_lam0050,rebuilt_expanding_current_optimizer_vs_existing_nav,0.007122907591716077,0.0,0.007349048034931416
2022-11-28,pipeline_b_lam0050,rebuilt_expanding_current_optimizer_vs_existing_nav,0.006377721996869257,0.0,0.006615602593297298
2022-11-29,pipeline_b_lam0050,rebuilt_expanding_current_optimizer_vs_existing_nav,0.0038460840632192905,0.0,0.003919128836247898
2022-11-30,pipeline_b_lam0050,rebuilt_expanding_current_optimizer_vs_existing_nav,0.004059545699978573,0.0,0.004141801629818476
2022-12-01,pipeline_b_lam0050,rebuilt_expanding_current_optimizer_vs_existing_nav,0.003643252037358158,0.0,0.003699073325683644
2022-12-02,pipeline_b_lam0050,rebuilt_expanding_current_optimizer_vs_existing_nav,0.0043643935220141206,0.0,0.004444259981254195
2022-12-05,pipeline_b_lam0050,rebuilt_expanding_current_optimizer_vs_existing_nav,0.003686605284381139,0.0,0.003725611988573352
2022-12-06,pipeline_b_lam0050,rebuilt_expanding_current_optimizer_vs_existing_nav,0.0012573408529699126,0.0,0.0012714366392330145
2022-12-07,pipeline_b_lam0050,rebuilt_expanding_current_optimizer_vs_existing_nav,-0.0015267540405023983,0.0,-0.0015456734274630346
2022-12-08,pipeline_b_lam0050,rebuilt_expanding_current_optimizer_vs_existing_nav,-0.0029499770714507267,0.0,-0.0029950883305667197
2022-12-09,pipeline_b_lam0050,rebuilt_expanding_current_optimizer_vs_existing_nav,-0.006150322905710048,0.0,-0.006238306056237208
2022-12-12,pipeline_b_lam0050,rebuilt_expanding_current_optimizer_vs_existing_nav,-0.002572647765800573,0.0,-0.002625345951171587
2022-12-13,pipeline_b_lam0050,rebuilt_expanding_current_optimizer_vs_existing_nav,-0.0007934983797248663,0.0,-0.0008141370962964078
2022-12-14,pipeline_b_lam0050,rebuilt_expanding_current_optimizer_vs_existing_nav,-0.0007999234138393874,0.0,-0.0008241320110511374
2022-12-15,pipeline_b_lam0050,rebuilt_expanding_current_optimizer_vs_existing_nav,-0.0012919771810315783,0.0,-0.001329878861422884
2022-12-16,pipeline_b_lam0050,rebuilt_expanding_current_optimizer_vs_existing_nav,-0.00038968926637128476,0.0,-0.000403037806435913
2022-12-19,pipeline_b_lam0050,rebuilt_expanding_current_optimizer_vs_existing_nav,0.0001753968532085537,0.0,0.00018557264487362168
2022-12-20,pipeline_b_lam0050,rebuilt_expanding_current_optimizer_vs_existing_nav,0.0026782008542736158,0.0,0.0028617523858920357
2022-12-21,pipeline_b_lam0050,rebuilt_expanding_current_optimizer_vs_existing_nav,0.00042674506747231167,0.0,0.00045850361955279695
2022-12-22,pipeline_b_lam0050,rebuilt_expanding_current_optimizer_vs_existing_nav,0.0012061903554028142,0.0,0.001310930898477336
2022-12-23,pipeline_b_lam0050,rebuilt_expanding_current_optimizer_vs_existing_nav,0.0016942363425689333,0.0,0.0018463182053223282
2022-12-26,pipeline_b_lam0050,rebuilt_expanding_current_optimizer_vs_existing_nav,-0.0004922799011893852,0.0,-0.0005291325310614603
2022-12-27,pipeline_b_lam0050,rebuilt_expanding_current_optimizer_vs_existing_nav,-0.0007394614930033017,0.0,-0.0007890916800004089
2022-12-28,pipeline_b_lam0050,rebuilt_expanding_current_optimizer_vs_existing_nav,0.0011843664273438748,0.0,0.0012689378132066942
2022-12-29,pipeline_b_lam0050,rebuilt_expanding_current_optimizer_vs_existing_nav,0.0013833717135798285,0.0,0.0014832005289442396
2022-12-30,pipeline_b_lam0050,rebuilt_expanding_current_optimizer_vs_existing_nav,0.0030478754256867413,0.0,0.0032638838444563056
